{
 "apply": {
  "count": 0,
  "files": [],
  "errors": {}
 },
 "asserts": {
  "count": 0,
  "files": [],
  "errors": {}
 },
 "basestring": {
  "count": 0,
  "files": [],
  "errors": {}
 },
 "buffer": {
  "count": 0,
  "files": [],
  "errors": {}
 },
 "dict": {
  "count": 10,
  "files": [
   "C:\\Users\\nench\\OneDrive\\Dokumente\\GitHub\\fa-absa\\Extensions\\ABSA_AGGREGATION\\FPythonCode\\AGGREGATION_CASH_POSTING.py",
   "C:\\Users\\nench\\OneDrive\\Dokumente\\GitHub\\fa-absa\\Extensions\\ABSA_AGGREGATION\\FPythonCode\\AGGREGATION_CASH_POSTING_DELETE.py",
   "C:\\Users\\nench\\OneDrive\\Dokumente\\GitHub\\fa-absa\\Extensions\\ABSA_AGGREGATION\\FPythonCode\\AGGREGATION_CASH_POSTING_HELPER.py",
   "C:\\Users\\nench\\OneDrive\\Dokumente\\GitHub\\fa-absa\\Extensions\\ABSA_AGGREGATION\\FPythonCode\\AGGREGATION_GEN_HELPERS.py",
   "C:\\Users\\nench\\OneDrive\\Dokumente\\GitHub\\fa-absa\\Extensions\\ABSA_AGGREGATION\\FPythonCode\\AGGREGATION_INSTRUMENT_ARCHIVE.py",
   "C:\\Users\\nench\\OneDrive\\Dokumente\\GitHub\\fa-absa\\Extensions\\ABSA_AGGREGATION\\FPythonCode\\AGGREGATION_TRADE.py",
   "C:\\Users\\nench\\OneDrive\\Dokumente\\GitHub\\fa-absa\\Extensions\\ABSA_AGGREGATION\\FPythonCode\\AGGREGATION_TRADE_ARCHIVE.py",
   "C:\\Users\\nench\\OneDrive\\Dokumente\\GitHub\\fa-absa\\Extensions\\ABSA_AGGREGATION\\FPythonCode\\AGGREGATION_TRADE_FILTER.py",
   "C:\\Users\\nench\\OneDrive\\Dokumente\\GitHub\\fa-absa\\Extensions\\ABSA_AGGREGATION\\FPythonCode\\FFxAggregatePerform.py",
   "C:\\Users\\nench\\OneDrive\\Dokumente\\GitHub\\fa-absa\\Extensions\\ABSA_AGGREGATION\\FPythonCode\\FNewExpirationHelper.py"
  ],
  "errors": {}
 },
 "except": {
  "count": 5,
  "files": [
   "C:\\Users\\nench\\OneDrive\\Dokumente\\GitHub\\fa-absa\\Extensions\\ABSA_AGGREGATION\\FPythonCode\\AGGREGATION_CASH_POSTING.py",
   "C:\\Users\\nench\\OneDrive\\Dokumente\\GitHub\\fa-absa\\Extensions\\ABSA_AGGREGATION\\FPythonCode\\AGGREGATION_SQL_HELPERS.py",
   "C:\\Users\\nench\\OneDrive\\Dokumente\\GitHub\\fa-absa\\Extensions\\ABSA_AGGREGATION\\FPythonCode\\AGGREGATION_TRADE.py",
   "C:\\Users\\nench\\OneDrive\\Dokumente\\GitHub\\fa-absa\\Extensions\\ABSA_AGGREGATION\\FPythonCode\\AGGREGATION_TRADE_FILTER.py",
   "C:\\Users\\nench\\OneDrive\\Dokumente\\GitHub\\fa-absa\\Extensions\\ABSA_AGGREGATION\\FPythonCode\\FFxAggregatePerform.py"
  ],
  "errors": {}
 },
 "exec": {
  "count": 0,
  "files": [],
  "errors": {}
 },
 "execfile": {
  "count": 0,
  "files": [],
  "errors": {}
 },
 "exitfunc": {
  "count": 0,
  "files": [],
  "errors": {}
 },
 "filter": {
  "count": 2,
  "files": [
   "C:\\Users\\nench\\OneDrive\\Dokumente\\GitHub\\fa-absa\\Extensions\\ABSA_AGGREGATION\\FPythonCode\\FBDPHook.py",
   "C:\\Users\\nench\\OneDrive\\Dokumente\\GitHub\\fa-absa\\Extensions\\ABSA_AGGREGATION\\FPythonCode\\FFxAggregatePerform.py"
  ],
  "errors": {}
 },
 "funcattrs": {
  "count": 0,
  "files": [],
  "errors": {}
 },
 "future": {
  "count": 2,
  "files": [
   "C:\\Users\\nench\\OneDrive\\Dokumente\\GitHub\\fa-absa\\Extensions\\ABSA_AGGREGATION\\FPythonCode\\FAggregatePerform.py",
   "C:\\Users\\nench\\OneDrive\\Dokumente\\GitHub\\fa-absa\\Extensions\\ABSA_AGGREGATION\\FPythonCode\\FBDPHook.py"
  ],
  "errors": {}
 },
 "getcwdu": {
  "count": 0,
  "files": [],
  "errors": {}
 },
 "has_key": {
  "count": 0,
  "files": [],
  "errors": {}
 },
 "idioms": {
  "count": 2,
  "files": [
   "C:\\Users\\nench\\OneDrive\\Dokumente\\GitHub\\fa-absa\\Extensions\\ABSA_AGGREGATION\\FPythonCode\\AGGREGATION_INSTRUMENT_ARCHIVE.py",
   "C:\\Users\\nench\\OneDrive\\Dokumente\\GitHub\\fa-absa\\Extensions\\ABSA_AGGREGATION\\FPythonCode\\FFxAggregatePerform.py"
  ],
  "errors": {}
 },
 "import": {
  "count": 0,
  "files": [],
  "errors": {}
 },
 "imports": {
  "count": 0,
  "files": [],
  "errors": {}
 },
 "imports2": {
  "count": 0,
  "files": [],
  "errors": {}
 },
 "input": {
  "count": 0,
  "files": [],
  "errors": {}
 },
 "intern": {
  "count": 0,
  "files": [],
  "errors": {}
 },
 "isinstance": {
  "count": 0,
  "files": [],
  "errors": {}
 },
 "itertools": {
  "count": 0,
  "files": [],
  "errors": {}
 },
 "itertools_imports": {
  "count": 0,
  "files": [],
  "errors": {}
 },
 "long": {
  "count": 1,
  "files": [
   "C:\\Users\\nench\\OneDrive\\Dokumente\\GitHub\\fa-absa\\Extensions\\ABSA_AGGREGATION\\FPythonCode\\FFxAggregatePerform.py"
  ],
  "errors": {}
 },
 "map": {
  "count": 1,
  "files": [
   "C:\\Users\\nench\\OneDrive\\Dokumente\\GitHub\\fa-absa\\Extensions\\ABSA_AGGREGATION\\FPythonCode\\FBDPHook.py"
  ],
  "errors": {}
 },
 "metaclass": {
  "count": 0,
  "files": [],
  "errors": {}
 },
 "methodattrs": {
  "count": 0,
  "files": [],
  "errors": {}
 },
 "ne": {
  "count": 0,
  "files": [],
  "errors": {}
 },
 "next": {
  "count": 0,
  "files": [],
  "errors": {}
 },
 "nonzero": {
  "count": 0,
  "files": [],
  "errors": {}
 },
 "numliterals": {
  "count": 0,
  "files": [],
  "errors": {}
 },
 "operator": {
  "count": 0,
  "files": [],
  "errors": {}
 },
 "paren": {
  "count": 0,
  "files": [],
  "errors": {}
 },
 "print": {
  "count": 0,
  "files": [],
  "errors": {}
 },
 "raise": {
  "count": 0,
  "files": [],
  "errors": {}
 },
 "raw_input": {
  "count": 0,
  "files": [],
  "errors": {}
 },
 "reduce": {
  "count": 0,
  "files": [],
  "errors": {}
 },
 "reload": {
  "count": 7,
  "files": [
   "C:\\Users\\nench\\OneDrive\\Dokumente\\GitHub\\fa-absa\\Extensions\\ABSA_AGGREGATION\\FPythonCode\\AGGREGATION_CASH_POSTING_DELETE.py",
   "C:\\Users\\nench\\OneDrive\\Dokumente\\GitHub\\fa-absa\\Extensions\\ABSA_AGGREGATION\\FPythonCode\\FAggregatePerform.py",
   "C:\\Users\\nench\\OneDrive\\Dokumente\\GitHub\\fa-absa\\Extensions\\ABSA_AGGREGATION\\FPythonCode\\FArchiveInstruments.py",
   "C:\\Users\\nench\\OneDrive\\Dokumente\\GitHub\\fa-absa\\Extensions\\ABSA_AGGREGATION\\FPythonCode\\FArchiveInstruments_ABSA.py",
   "C:\\Users\\nench\\OneDrive\\Dokumente\\GitHub\\fa-absa\\Extensions\\ABSA_AGGREGATION\\FPythonCode\\FFxAggregatePerform.py",
   "C:\\Users\\nench\\OneDrive\\Dokumente\\GitHub\\fa-absa\\Extensions\\ABSA_AGGREGATION\\FPythonCode\\FFxAggregation.py",
   "C:\\Users\\nench\\OneDrive\\Dokumente\\GitHub\\fa-absa\\Extensions\\ABSA_AGGREGATION\\FPythonCode\\FNewExpirationPerform.py"
  ],
  "errors": {}
 },
 "renames": {
  "count": 0,
  "files": [],
  "errors": {}
 },
 "repr": {
  "count": 0,
  "files": [],
  "errors": {}
 },
 "set_literal": {
  "count": 1,
  "files": [
   "C:\\Users\\nench\\OneDrive\\Dokumente\\GitHub\\fa-absa\\Extensions\\ABSA_AGGREGATION\\FPythonCode\\FCashFlowAggregationPerform.py"
  ],
  "errors": {}
 },
 "standarderror": {
  "count": 0,
  "files": [],
  "errors": {}
 },
 "sys_exc": {
  "count": 0,
  "files": [],
  "errors": {}
 },
 "throw": {
  "count": 0,
  "files": [],
  "errors": {}
 },
 "tuple_params": {
  "count": 0,
  "files": [],
  "errors": {}
 },
 "types": {
  "count": 0,
  "files": [],
  "errors": {}
 },
 "unicode": {
  "count": 0,
  "files": [],
  "errors": {}
 },
 "urllib": {
  "count": 0,
  "files": [],
  "errors": {}
 },
 "ws_comma": {
  "count": 8,
  "files": [
   "C:\\Users\\nench\\OneDrive\\Dokumente\\GitHub\\fa-absa\\Extensions\\ABSA_AGGREGATION\\FPythonCode\\AGGREGATION_CASH_POSTING_DELETE.py",
   "C:\\Users\\nench\\OneDrive\\Dokumente\\GitHub\\fa-absa\\Extensions\\ABSA_AGGREGATION\\FPythonCode\\AGGREGATION_INSTRUMENT_ARCHIVE.py",
   "C:\\Users\\nench\\OneDrive\\Dokumente\\GitHub\\fa-absa\\Extensions\\ABSA_AGGREGATION\\FPythonCode\\AGGREGATION_INSTRUMENT_FILTER.py",
   "C:\\Users\\nench\\OneDrive\\Dokumente\\GitHub\\fa-absa\\Extensions\\ABSA_AGGREGATION\\FPythonCode\\AGGREGATION_INS_DEPENDENCIES.py",
   "C:\\Users\\nench\\OneDrive\\Dokumente\\GitHub\\fa-absa\\Extensions\\ABSA_AGGREGATION\\FPythonCode\\AGGREGATION_TRADE_DEPENDENCIES.py",
   "C:\\Users\\nench\\OneDrive\\Dokumente\\GitHub\\fa-absa\\Extensions\\ABSA_AGGREGATION\\FPythonCode\\FArchiveInstruments_ABSA.py",
   "C:\\Users\\nench\\OneDrive\\Dokumente\\GitHub\\fa-absa\\Extensions\\ABSA_AGGREGATION\\FPythonCode\\FCashFlowAggregationPerform.py",
   "C:\\Users\\nench\\OneDrive\\Dokumente\\GitHub\\fa-absa\\Extensions\\ABSA_AGGREGATION\\FPythonCode\\FFxAggregatePerform.py"
  ],
  "errors": {}
 },
 "xrange": {
  "count": 0,
  "files": [],
  "errors": {}
 },
 "xreadlines": {
  "count": 0,
  "files": [],
  "errors": {}
 },
 "zip": {
  "count": 0,
  "files": [],
  "errors": {}
 }
}