{
 "apply": {
  "count": 0,
  "files": [],
  "errors": {}
 },
 "asserts": {
  "count": 0,
  "files": [],
  "errors": {}
 },
 "basestring": {
  "count": 0,
  "files": [],
  "errors": {}
 },
 "buffer": {
  "count": 0,
  "files": [],
  "errors": {}
 },
 "dict": {
  "count": 2,
  "files": [
   "C:\\Users\\nench\\OneDrive\\Dokumente\\GitHub\\fa-absa\\Extensions\\ABSA Routing\\FPythonCode\\FRoutingCommon.py",
   "C:\\Users\\nench\\OneDrive\\Dokumente\\GitHub\\fa-absa\\Extensions\\ABSA Routing\\FPythonCode\\FRoutingRedirectionDialog.py"
  ],
  "errors": {}
 },
 "except": {
  "count": 5,
  "files": [
   "C:\\Users\\nench\\OneDrive\\Dokumente\\GitHub\\fa-absa\\Extensions\\ABSA Routing\\FPythonCode\\FBackToBackRoutingUtilsODF.py",
   "C:\\Users\\nench\\OneDrive\\Dokumente\\GitHub\\fa-absa\\Extensions\\ABSA Routing\\FPythonCode\\FRouting.py",
   "C:\\Users\\nench\\OneDrive\\Dokumente\\GitHub\\fa-absa\\Extensions\\ABSA Routing\\FPythonCode\\FRoutingAmbaHook.py",
   "C:\\Users\\nench\\OneDrive\\Dokumente\\GitHub\\fa-absa\\Extensions\\ABSA Routing\\FPythonCode\\FRoutingB2BMethods.py",
   "C:\\Users\\nench\\OneDrive\\Dokumente\\GitHub\\fa-absa\\Extensions\\ABSA Routing\\FPythonCode\\FRoutingExtensions.py"
  ],
  "errors": {}
 },
 "exec": {
  "count": 0,
  "files": [],
  "errors": {}
 },
 "execfile": {
  "count": 0,
  "files": [],
  "errors": {}
 },
 "exitfunc": {
  "count": 0,
  "files": [],
  "errors": {}
 },
 "filter": {
  "count": 0,
  "files": [],
  "errors": {}
 },
 "funcattrs": {
  "count": 0,
  "files": [],
  "errors": {}
 },
 "future": {
  "count": 0,
  "files": [],
  "errors": {}
 },
 "getcwdu": {
  "count": 0,
  "files": [],
  "errors": {}
 },
 "has_key": {
  "count": 1,
  "files": [
   "C:\\Users\\nench\\OneDrive\\Dokumente\\GitHub\\fa-absa\\Extensions\\ABSA Routing\\FPythonCode\\FRoutingRedirectionDialog.py"
  ],
  "errors": {}
 },
 "idioms": {
  "count": 1,
  "files": [
   "C:\\Users\\nench\\OneDrive\\Dokumente\\GitHub\\fa-absa\\Extensions\\ABSA Routing\\FPythonCode\\FBackToBackRoutingUtilsODF.py"
  ],
  "errors": {}
 },
 "import": {
  "count": 0,
  "files": [],
  "errors": {}
 },
 "imports": {
  "count": 0,
  "files": [],
  "errors": {}
 },
 "imports2": {
  "count": 0,
  "files": [],
  "errors": {}
 },
 "input": {
  "count": 0,
  "files": [],
  "errors": {}
 },
 "intern": {
  "count": 0,
  "files": [],
  "errors": {}
 },
 "isinstance": {
  "count": 0,
  "files": [],
  "errors": {}
 },
 "itertools": {
  "count": 0,
  "files": [],
  "errors": {}
 },
 "itertools_imports": {
  "count": 0,
  "files": [],
  "errors": {}
 },
 "long": {
  "count": 0,
  "files": [],
  "errors": {}
 },
 "map": {
  "count": 0,
  "files": [],
  "errors": {}
 },
 "metaclass": {
  "count": 0,
  "files": [],
  "errors": {}
 },
 "methodattrs": {
  "count": 0,
  "files": [],
  "errors": {}
 },
 "ne": {
  "count": 1,
  "files": [
   "C:\\Users\\nench\\OneDrive\\Dokumente\\GitHub\\fa-absa\\Extensions\\ABSA Routing\\FPythonCode\\FRoutingCommon.py"
  ],
  "errors": {}
 },
 "next": {
  "count": 0,
  "files": [],
  "errors": {}
 },
 "nonzero": {
  "count": 0,
  "files": [],
  "errors": {}
 },
 "numliterals": {
  "count": 0,
  "files": [],
  "errors": {}
 },
 "operator": {
  "count": 0,
  "files": [],
  "errors": {}
 },
 "paren": {
  "count": 0,
  "files": [],
  "errors": {}
 },
 "print": {
  "count": 8,
  "files": [
   "C:\\Users\\nench\\OneDrive\\Dokumente\\GitHub\\fa-absa\\Extensions\\ABSA Routing\\FPythonCode\\FBackToBackRoutingFunctionsODF.py",
   "C:\\Users\\nench\\OneDrive\\Dokumente\\GitHub\\fa-absa\\Extensions\\ABSA Routing\\FPythonCode\\FBackToBackRoutingUtilsODF.py",
   "C:\\Users\\nench\\OneDrive\\Dokumente\\GitHub\\fa-absa\\Extensions\\ABSA Routing\\FPythonCode\\FRoutingAMBA.py",
   "C:\\Users\\nench\\OneDrive\\Dokumente\\GitHub\\fa-absa\\Extensions\\ABSA Routing\\FPythonCode\\FRoutingAmbaHook.py",
   "C:\\Users\\nench\\OneDrive\\Dokumente\\GitHub\\fa-absa\\Extensions\\ABSA Routing\\FPythonCode\\FRoutingB2BMethods.py",
   "C:\\Users\\nench\\OneDrive\\Dokumente\\GitHub\\fa-absa\\Extensions\\ABSA Routing\\FPythonCode\\FRoutingExtensions.py",
   "C:\\Users\\nench\\OneDrive\\Dokumente\\GitHub\\fa-absa\\Extensions\\ABSA Routing\\FPythonCode\\FRoutingFunctionsUtil.py",
   "C:\\Users\\nench\\OneDrive\\Dokumente\\GitHub\\fa-absa\\Extensions\\ABSA Routing\\FPythonCode\\FRoutingRedirectionDialog.py"
  ],
  "errors": {}
 },
 "raise": {
  "count": 0,
  "files": [],
  "errors": {}
 },
 "raw_input": {
  "count": 0,
  "files": [],
  "errors": {}
 },
 "reduce": {
  "count": 0,
  "files": [],
  "errors": {}
 },
 "reload": {
  "count": 0,
  "files": [],
  "errors": {}
 },
 "renames": {
  "count": 0,
  "files": [],
  "errors": {}
 },
 "repr": {
  "count": 0,
  "files": [],
  "errors": {}
 },
 "set_literal": {
  "count": 0,
  "files": [],
  "errors": {}
 },
 "standarderror": {
  "count": 0,
  "files": [],
  "errors": {}
 },
 "sys_exc": {
  "count": 0,
  "files": [],
  "errors": {}
 },
 "throw": {
  "count": 0,
  "files": [],
  "errors": {}
 },
 "tuple_params": {
  "count": 0,
  "files": [],
  "errors": {}
 },
 "types": {
  "count": 0,
  "files": [],
  "errors": {}
 },
 "unicode": {
  "count": 0,
  "files": [],
  "errors": {}
 },
 "urllib": {
  "count": 0,
  "files": [],
  "errors": {}
 },
 "ws_comma": {
  "count": 12,
  "files": [
   "C:\\Users\\nench\\OneDrive\\Dokumente\\GitHub\\fa-absa\\Extensions\\ABSA Routing\\FPythonCode\\FBackToBackRoutingFunctionsODF.py",
   "C:\\Users\\nench\\OneDrive\\Dokumente\\GitHub\\fa-absa\\Extensions\\ABSA Routing\\FPythonCode\\FBackToBackRoutingUtilsODF.py",
   "C:\\Users\\nench\\OneDrive\\Dokumente\\GitHub\\fa-absa\\Extensions\\ABSA Routing\\FPythonCode\\FReversals.py",
   "C:\\Users\\nench\\OneDrive\\Dokumente\\GitHub\\fa-absa\\Extensions\\ABSA Routing\\FPythonCode\\FRouting.py",
   "C:\\Users\\nench\\OneDrive\\Dokumente\\GitHub\\fa-absa\\Extensions\\ABSA Routing\\FPythonCode\\FRoutingAMBA.py",
   "C:\\Users\\nench\\OneDrive\\Dokumente\\GitHub\\fa-absa\\Extensions\\ABSA Routing\\FPythonCode\\FRoutingAmbaHook.py",
   "C:\\Users\\nench\\OneDrive\\Dokumente\\GitHub\\fa-absa\\Extensions\\ABSA Routing\\FPythonCode\\FRoutingB2BMethods.py",
   "C:\\Users\\nench\\OneDrive\\Dokumente\\GitHub\\fa-absa\\Extensions\\ABSA Routing\\FPythonCode\\FRoutingCommon.py",
   "C:\\Users\\nench\\OneDrive\\Dokumente\\GitHub\\fa-absa\\Extensions\\ABSA Routing\\FPythonCode\\FRoutingExtensions.py",
   "C:\\Users\\nench\\OneDrive\\Dokumente\\GitHub\\fa-absa\\Extensions\\ABSA Routing\\FPythonCode\\FRoutingFunctions.py",
   "C:\\Users\\nench\\OneDrive\\Dokumente\\GitHub\\fa-absa\\Extensions\\ABSA Routing\\FPythonCode\\FRoutingFunctionsUtil.py",
   "C:\\Users\\nench\\OneDrive\\Dokumente\\GitHub\\fa-absa\\Extensions\\ABSA Routing\\FPythonCode\\FRoutingRedirectionDialog.py"
  ],
  "errors": {}
 },
 "xrange": {
  "count": 0,
  "files": [],
  "errors": {}
 },
 "xreadlines": {
  "count": 0,
  "files": [],
  "errors": {}
 },
 "zip": {
  "count": 0,
  "files": [],
  "errors": {}
 }
}