{
 "apply": {
  "count": 0,
  "files": [],
  "errors": {}
 },
 "asserts": {
  "count": 0,
  "files": [],
  "errors": {}
 },
 "basestring": {
  "count": 0,
  "files": [],
  "errors": {}
 },
 "buffer": {
  "count": 0,
  "files": [],
  "errors": {}
 },
 "dict": {
  "count": 2,
  "files": [
   "C:\\Users\\nench\\OneDrive\\Dokumente\\GitHub\\fa-absa\\Extensions\\AMI APT\\FPythonCode\\FAptFinancial.py",
   "C:\\Users\\nench\\OneDrive\\Dokumente\\GitHub\\fa-absa\\Extensions\\AMI APT\\FPythonCode\\FAptReportGenerate.py"
  ],
  "errors": {}
 },
 "except": {
  "count": 0,
  "files": [],
  "errors": {}
 },
 "exec": {
  "count": 0,
  "files": [],
  "errors": {}
 },
 "execfile": {
  "count": 0,
  "files": [],
  "errors": {}
 },
 "exitfunc": {
  "count": 0,
  "files": [],
  "errors": {}
 },
 "filter": {
  "count": 0,
  "files": [],
  "errors": {}
 },
 "funcattrs": {
  "count": 0,
  "files": [],
  "errors": {}
 },
 "future": {
  "count": 4,
  "files": [
   "C:\\Users\\nench\\OneDrive\\Dokumente\\GitHub\\fa-absa\\Extensions\\AMI APT\\FPythonCode\\FAptReportGenerate.py",
   "C:\\Users\\nench\\OneDrive\\Dokumente\\GitHub\\fa-absa\\Extensions\\AMI APT\\FPythonCode\\FAptSetup.py",
   "C:\\Users\\nench\\OneDrive\\Dokumente\\GitHub\\fa-absa\\Extensions\\AMI APT\\FPythonCode\\FAptTest.py",
   "C:\\Users\\nench\\OneDrive\\Dokumente\\GitHub\\fa-absa\\Extensions\\AMI APT\\FPythonCode\\FReportParser.py"
  ],
  "errors": {}
 },
 "getcwdu": {
  "count": 0,
  "files": [],
  "errors": {}
 },
 "has_key": {
  "count": 0,
  "files": [],
  "errors": {}
 },
 "idioms": {
  "count": 0,
  "files": [],
  "errors": {}
 },
 "import": {
  "count": 0,
  "files": [],
  "errors": {}
 },
 "imports": {
  "count": 2,
  "files": [
   "C:\\Users\\nench\\OneDrive\\Dokumente\\GitHub\\fa-absa\\Extensions\\AMI APT\\FPythonCode\\FAptFinancial.py",
   "C:\\Users\\nench\\OneDrive\\Dokumente\\GitHub\\fa-absa\\Extensions\\AMI APT\\FPythonCode\\FAptIdRecon.py"
  ],
  "errors": {}
 },
 "imports2": {
  "count": 0,
  "files": [],
  "errors": {}
 },
 "input": {
  "count": 0,
  "files": [],
  "errors": {}
 },
 "intern": {
  "count": 0,
  "files": [],
  "errors": {}
 },
 "isinstance": {
  "count": 0,
  "files": [],
  "errors": {}
 },
 "itertools": {
  "count": 0,
  "files": [],
  "errors": {}
 },
 "itertools_imports": {
  "count": 0,
  "files": [],
  "errors": {}
 },
 "long": {
  "count": 0,
  "files": [],
  "errors": {}
 },
 "map": {
  "count": 0,
  "files": [],
  "errors": {}
 },
 "metaclass": {
  "count": 0,
  "files": [],
  "errors": {}
 },
 "methodattrs": {
  "count": 0,
  "files": [],
  "errors": {}
 },
 "ne": {
  "count": 0,
  "files": [],
  "errors": {}
 },
 "next": {
  "count": 0,
  "files": [],
  "errors": {}
 },
 "nonzero": {
  "count": 0,
  "files": [],
  "errors": {}
 },
 "numliterals": {
  "count": 0,
  "files": [],
  "errors": {}
 },
 "operator": {
  "count": 0,
  "files": [],
  "errors": {}
 },
 "paren": {
  "count": 0,
  "files": [],
  "errors": {}
 },
 "print": {
  "count": 0,
  "files": [],
  "errors": {}
 },
 "raise": {
  "count": 0,
  "files": [],
  "errors": {}
 },
 "raw_input": {
  "count": 0,
  "files": [],
  "errors": {}
 },
 "reduce": {
  "count": 0,
  "files": [],
  "errors": {}
 },
 "reload": {
  "count": 1,
  "files": [
   "C:\\Users\\nench\\OneDrive\\Dokumente\\GitHub\\fa-absa\\Extensions\\AMI APT\\FPythonCode\\FPortfolioAptReport.py"
  ],
  "errors": {}
 },
 "renames": {
  "count": 0,
  "files": [],
  "errors": {}
 },
 "repr": {
  "count": 0,
  "files": [],
  "errors": {}
 },
 "set_literal": {
  "count": 3,
  "files": [
   "C:\\Users\\nench\\OneDrive\\Dokumente\\GitHub\\fa-absa\\Extensions\\AMI APT\\FPythonCode\\FAptIdRecon.py",
   "C:\\Users\\nench\\OneDrive\\Dokumente\\GitHub\\fa-absa\\Extensions\\AMI APT\\FPythonCode\\FAptReport.py",
   "C:\\Users\\nench\\OneDrive\\Dokumente\\GitHub\\fa-absa\\Extensions\\AMI APT\\FPythonCode\\FAptReportGenerate.py"
  ],
  "errors": {}
 },
 "standarderror": {
  "count": 0,
  "files": [],
  "errors": {}
 },
 "sys_exc": {
  "count": 0,
  "files": [],
  "errors": {}
 },
 "throw": {
  "count": 0,
  "files": [],
  "errors": {}
 },
 "tuple_params": {
  "count": 0,
  "files": [],
  "errors": {}
 },
 "types": {
  "count": 0,
  "files": [],
  "errors": {}
 },
 "unicode": {
  "count": 0,
  "files": [],
  "errors": {}
 },
 "urllib": {
  "count": 0,
  "files": [],
  "errors": {}
 },
 "ws_comma": {
  "count": 5,
  "files": [
   "C:\\Users\\nench\\OneDrive\\Dokumente\\GitHub\\fa-absa\\Extensions\\AMI APT\\FPythonCode\\FAptFinancial.py",
   "C:\\Users\\nench\\OneDrive\\Dokumente\\GitHub\\fa-absa\\Extensions\\AMI APT\\FPythonCode\\FAptIdRecon.py",
   "C:\\Users\\nench\\OneDrive\\Dokumente\\GitHub\\fa-absa\\Extensions\\AMI APT\\FPythonCode\\FAptReport.py",
   "C:\\Users\\nench\\OneDrive\\Dokumente\\GitHub\\fa-absa\\Extensions\\AMI APT\\FPythonCode\\FAptReportCommon.py",
   "C:\\Users\\nench\\OneDrive\\Dokumente\\GitHub\\fa-absa\\Extensions\\AMI APT\\FPythonCode\\FAptReportGenerate.py"
  ],
  "errors": {}
 },
 "xrange": {
  "count": 2,
  "files": [
   "C:\\Users\\nench\\OneDrive\\Dokumente\\GitHub\\fa-absa\\Extensions\\AMI APT\\FPythonCode\\FAptFinancial.py",
   "C:\\Users\\nench\\OneDrive\\Dokumente\\GitHub\\fa-absa\\Extensions\\AMI APT\\FPythonCode\\FAptReportCommon.py"
  ],
  "errors": {}
 },
 "xreadlines": {
  "count": 0,
  "files": [],
  "errors": {}
 },
 "zip": {
  "count": 1,
  "files": [
   "C:\\Users\\nench\\OneDrive\\Dokumente\\GitHub\\fa-absa\\Extensions\\AMI APT\\FPythonCode\\FReportParser.py"
  ],
  "errors": {}
 }
}