{
 "apply": {
  "count": 0,
  "files": [],
  "errors": {
   "C:\\Users\\nench\\OneDrive\\Dokumente\\GitHub\\fa-absa\\Extensions\\ABSA FX\\FPythonCode\\CurrSplitBaseDialog.py": "Command '\"C:\\Program Files\\Python39\\Scripts\\2to3.exe\" --output-dir=\"C:\\Users\\nench\\OneDrive\\Dokumente\\fa-absa-py32\\Extensions\\ABSA FX\\FPythonCode\" -w -n -f apply \"C:\\Users\\nench\\OneDrive\\Dokumente\\GitHub\\fa-absa\\Extensions\\ABSA FX\\FPythonCode\\CurrSplitBaseDialog.py\"' returned non-zero exit status 1."
  }
 },
 "asserts": {
  "count": 0,
  "files": [],
  "errors": {
   "C:\\Users\\nench\\OneDrive\\Dokumente\\GitHub\\fa-absa\\Extensions\\ABSA FX\\FPythonCode\\CurrSplitBaseDialog.py": "Command '\"C:\\Program Files\\Python39\\Scripts\\2to3.exe\" --output-dir=\"C:\\Users\\nench\\OneDrive\\Dokumente\\fa-absa-py32\\Extensions\\ABSA FX\\FPythonCode\" -w -n -f asserts \"C:\\Users\\nench\\OneDrive\\Dokumente\\GitHub\\fa-absa\\Extensions\\ABSA FX\\FPythonCode\\CurrSplitBaseDialog.py\"' returned non-zero exit status 1."
  }
 },
 "basestring": {
  "count": 0,
  "files": [],
  "errors": {
   "C:\\Users\\nench\\OneDrive\\Dokumente\\GitHub\\fa-absa\\Extensions\\ABSA FX\\FPythonCode\\CurrSplitBaseDialog.py": "Command '\"C:\\Program Files\\Python39\\Scripts\\2to3.exe\" --output-dir=\"C:\\Users\\nench\\OneDrive\\Dokumente\\fa-absa-py32\\Extensions\\ABSA FX\\FPythonCode\" -w -n -f basestring \"C:\\Users\\nench\\OneDrive\\Dokumente\\GitHub\\fa-absa\\Extensions\\ABSA FX\\FPythonCode\\CurrSplitBaseDialog.py\"' returned non-zero exit status 1."
  }
 },
 "buffer": {
  "count": 0,
  "files": [],
  "errors": {
   "C:\\Users\\nench\\OneDrive\\Dokumente\\GitHub\\fa-absa\\Extensions\\ABSA FX\\FPythonCode\\CurrSplitBaseDialog.py": "Command '\"C:\\Program Files\\Python39\\Scripts\\2to3.exe\" --output-dir=\"C:\\Users\\nench\\OneDrive\\Dokumente\\fa-absa-py32\\Extensions\\ABSA FX\\FPythonCode\" -w -n -f buffer \"C:\\Users\\nench\\OneDrive\\Dokumente\\GitHub\\fa-absa\\Extensions\\ABSA FX\\FPythonCode\\CurrSplitBaseDialog.py\"' returned non-zero exit status 1."
  }
 },
 "dict": {
  "count": 7,
  "files": [
   "C:\\Users\\nench\\OneDrive\\Dokumente\\GitHub\\fa-absa\\Extensions\\ABSA FX\\FPythonCode\\FTestCase.py",
   "C:\\Users\\nench\\OneDrive\\Dokumente\\GitHub\\fa-absa\\Extensions\\ABSA FX\\FPythonCode\\FXFutures_CloseOut.py",
   "C:\\Users\\nench\\OneDrive\\Dokumente\\GitHub\\fa-absa\\Extensions\\ABSA FX\\FPythonCode\\FX_AUTOROLL.py",
   "C:\\Users\\nench\\OneDrive\\Dokumente\\GitHub\\fa-absa\\Extensions\\ABSA FX\\FPythonCode\\FX_AUTOROLL_POSITION_CALC.py",
   "C:\\Users\\nench\\OneDrive\\Dokumente\\GitHub\\fa-absa\\Extensions\\ABSA FX\\FPythonCode\\FX_AUTOROLL_PROCESS.py",
   "C:\\Users\\nench\\OneDrive\\Dokumente\\GitHub\\fa-absa\\Extensions\\ABSA FX\\FPythonCode\\MidasRecon.py",
   "C:\\Users\\nench\\OneDrive\\Dokumente\\GitHub\\fa-absa\\Extensions\\ABSA FX\\FPythonCode\\MidasTradeLookup.py"
  ],
  "errors": {
   "C:\\Users\\nench\\OneDrive\\Dokumente\\GitHub\\fa-absa\\Extensions\\ABSA FX\\FPythonCode\\CurrSplitBaseDialog.py": "Command '\"C:\\Program Files\\Python39\\Scripts\\2to3.exe\" --output-dir=\"C:\\Users\\nench\\OneDrive\\Dokumente\\fa-absa-py32\\Extensions\\ABSA FX\\FPythonCode\" -w -n -f dict \"C:\\Users\\nench\\OneDrive\\Dokumente\\GitHub\\fa-absa\\Extensions\\ABSA FX\\FPythonCode\\CurrSplitBaseDialog.py\"' returned non-zero exit status 1."
  }
 },
 "except": {
  "count": 12,
  "files": [
   "C:\\Users\\nench\\OneDrive\\Dokumente\\GitHub\\fa-absa\\Extensions\\ABSA FX\\FPythonCode\\AggregationConstellation.py",
   "C:\\Users\\nench\\OneDrive\\Dokumente\\GitHub\\fa-absa\\Extensions\\ABSA FX\\FPythonCode\\FFXCashPaymentUpload.py",
   "C:\\Users\\nench\\OneDrive\\Dokumente\\GitHub\\fa-absa\\Extensions\\ABSA FX\\FPythonCode\\FRoutingTest.py",
   "C:\\Users\\nench\\OneDrive\\Dokumente\\GitHub\\fa-absa\\Extensions\\ABSA FX\\FPythonCode\\FTestCase.py",
   "C:\\Users\\nench\\OneDrive\\Dokumente\\GitHub\\fa-absa\\Extensions\\ABSA FX\\FPythonCode\\FTradeValidation.py",
   "C:\\Users\\nench\\OneDrive\\Dokumente\\GitHub\\fa-absa\\Extensions\\ABSA FX\\FPythonCode\\FXUtils.py",
   "C:\\Users\\nench\\OneDrive\\Dokumente\\GitHub\\fa-absa\\Extensions\\ABSA FX\\FPythonCode\\FX_AUTOROLL_BOOKING.py",
   "C:\\Users\\nench\\OneDrive\\Dokumente\\GitHub\\fa-absa\\Extensions\\ABSA FX\\FPythonCode\\FX_AUTOROLL_PARAMETERS.py",
   "C:\\Users\\nench\\OneDrive\\Dokumente\\GitHub\\fa-absa\\Extensions\\ABSA FX\\FPythonCode\\FX_AUTOROLL_POSITION_CALC.py",
   "C:\\Users\\nench\\OneDrive\\Dokumente\\GitHub\\fa-absa\\Extensions\\ABSA FX\\FPythonCode\\FX_AUTOROLL_PROCESS.py",
   "C:\\Users\\nench\\OneDrive\\Dokumente\\GitHub\\fa-absa\\Extensions\\ABSA FX\\FPythonCode\\FX_AUTOROLL_ROLLBACK_PROCESS.py",
   "C:\\Users\\nench\\OneDrive\\Dokumente\\GitHub\\fa-absa\\Extensions\\ABSA FX\\FPythonCode\\FX_Sweep_Balances.py"
  ],
  "errors": {
   "C:\\Users\\nench\\OneDrive\\Dokumente\\GitHub\\fa-absa\\Extensions\\ABSA FX\\FPythonCode\\CurrSplitBaseDialog.py": "Command '\"C:\\Program Files\\Python39\\Scripts\\2to3.exe\" --output-dir=\"C:\\Users\\nench\\OneDrive\\Dokumente\\fa-absa-py32\\Extensions\\ABSA FX\\FPythonCode\" -w -n -f except \"C:\\Users\\nench\\OneDrive\\Dokumente\\GitHub\\fa-absa\\Extensions\\ABSA FX\\FPythonCode\\CurrSplitBaseDialog.py\"' returned non-zero exit status 1."
  }
 },
 "exec": {
  "count": 0,
  "files": [],
  "errors": {
   "C:\\Users\\nench\\OneDrive\\Dokumente\\GitHub\\fa-absa\\Extensions\\ABSA FX\\FPythonCode\\CurrSplitBaseDialog.py": "Command '\"C:\\Program Files\\Python39\\Scripts\\2to3.exe\" --output-dir=\"C:\\Users\\nench\\OneDrive\\Dokumente\\fa-absa-py32\\Extensions\\ABSA FX\\FPythonCode\" -w -n -f exec \"C:\\Users\\nench\\OneDrive\\Dokumente\\GitHub\\fa-absa\\Extensions\\ABSA FX\\FPythonCode\\CurrSplitBaseDialog.py\"' returned non-zero exit status 1."
  }
 },
 "execfile": {
  "count": 0,
  "files": [],
  "errors": {
   "C:\\Users\\nench\\OneDrive\\Dokumente\\GitHub\\fa-absa\\Extensions\\ABSA FX\\FPythonCode\\CurrSplitBaseDialog.py": "Command '\"C:\\Program Files\\Python39\\Scripts\\2to3.exe\" --output-dir=\"C:\\Users\\nench\\OneDrive\\Dokumente\\fa-absa-py32\\Extensions\\ABSA FX\\FPythonCode\" -w -n -f execfile \"C:\\Users\\nench\\OneDrive\\Dokumente\\GitHub\\fa-absa\\Extensions\\ABSA FX\\FPythonCode\\CurrSplitBaseDialog.py\"' returned non-zero exit status 1."
  }
 },
 "exitfunc": {
  "count": 0,
  "files": [],
  "errors": {
   "C:\\Users\\nench\\OneDrive\\Dokumente\\GitHub\\fa-absa\\Extensions\\ABSA FX\\FPythonCode\\CurrSplitBaseDialog.py": "Command '\"C:\\Program Files\\Python39\\Scripts\\2to3.exe\" --output-dir=\"C:\\Users\\nench\\OneDrive\\Dokumente\\fa-absa-py32\\Extensions\\ABSA FX\\FPythonCode\" -w -n -f exitfunc \"C:\\Users\\nench\\OneDrive\\Dokumente\\GitHub\\fa-absa\\Extensions\\ABSA FX\\FPythonCode\\CurrSplitBaseDialog.py\"' returned non-zero exit status 1."
  }
 },
 "filter": {
  "count": 0,
  "files": [],
  "errors": {
   "C:\\Users\\nench\\OneDrive\\Dokumente\\GitHub\\fa-absa\\Extensions\\ABSA FX\\FPythonCode\\CurrSplitBaseDialog.py": "Command '\"C:\\Program Files\\Python39\\Scripts\\2to3.exe\" --output-dir=\"C:\\Users\\nench\\OneDrive\\Dokumente\\fa-absa-py32\\Extensions\\ABSA FX\\FPythonCode\" -w -n -f filter \"C:\\Users\\nench\\OneDrive\\Dokumente\\GitHub\\fa-absa\\Extensions\\ABSA FX\\FPythonCode\\CurrSplitBaseDialog.py\"' returned non-zero exit status 1."
  }
 },
 "funcattrs": {
  "count": 0,
  "files": [],
  "errors": {
   "C:\\Users\\nench\\OneDrive\\Dokumente\\GitHub\\fa-absa\\Extensions\\ABSA FX\\FPythonCode\\CurrSplitBaseDialog.py": "Command '\"C:\\Program Files\\Python39\\Scripts\\2to3.exe\" --output-dir=\"C:\\Users\\nench\\OneDrive\\Dokumente\\fa-absa-py32\\Extensions\\ABSA FX\\FPythonCode\" -w -n -f funcattrs \"C:\\Users\\nench\\OneDrive\\Dokumente\\GitHub\\fa-absa\\Extensions\\ABSA FX\\FPythonCode\\CurrSplitBaseDialog.py\"' returned non-zero exit status 1."
  }
 },
 "future": {
  "count": 2,
  "files": [
   "C:\\Users\\nench\\OneDrive\\Dokumente\\GitHub\\fa-absa\\Extensions\\ABSA FX\\FPythonCode\\CurrSplitDialog.py",
   "C:\\Users\\nench\\OneDrive\\Dokumente\\GitHub\\fa-absa\\Extensions\\ABSA FX\\FPythonCode\\FXForwardPoints.py"
  ],
  "errors": {
   "C:\\Users\\nench\\OneDrive\\Dokumente\\GitHub\\fa-absa\\Extensions\\ABSA FX\\FPythonCode\\CurrSplitBaseDialog.py": "Command '\"C:\\Program Files\\Python39\\Scripts\\2to3.exe\" --output-dir=\"C:\\Users\\nench\\OneDrive\\Dokumente\\fa-absa-py32\\Extensions\\ABSA FX\\FPythonCode\" -w -n -f future \"C:\\Users\\nench\\OneDrive\\Dokumente\\GitHub\\fa-absa\\Extensions\\ABSA FX\\FPythonCode\\CurrSplitBaseDialog.py\"' returned non-zero exit status 1."
  }
 },
 "getcwdu": {
  "count": 0,
  "files": [],
  "errors": {
   "C:\\Users\\nench\\OneDrive\\Dokumente\\GitHub\\fa-absa\\Extensions\\ABSA FX\\FPythonCode\\CurrSplitBaseDialog.py": "Command '\"C:\\Program Files\\Python39\\Scripts\\2to3.exe\" --output-dir=\"C:\\Users\\nench\\OneDrive\\Dokumente\\fa-absa-py32\\Extensions\\ABSA FX\\FPythonCode\" -w -n -f getcwdu \"C:\\Users\\nench\\OneDrive\\Dokumente\\GitHub\\fa-absa\\Extensions\\ABSA FX\\FPythonCode\\CurrSplitBaseDialog.py\"' returned non-zero exit status 1."
  }
 },
 "has_key": {
  "count": 0,
  "files": [],
  "errors": {
   "C:\\Users\\nench\\OneDrive\\Dokumente\\GitHub\\fa-absa\\Extensions\\ABSA FX\\FPythonCode\\CurrSplitBaseDialog.py": "Command '\"C:\\Program Files\\Python39\\Scripts\\2to3.exe\" --output-dir=\"C:\\Users\\nench\\OneDrive\\Dokumente\\fa-absa-py32\\Extensions\\ABSA FX\\FPythonCode\" -w -n -f has_key \"C:\\Users\\nench\\OneDrive\\Dokumente\\GitHub\\fa-absa\\Extensions\\ABSA FX\\FPythonCode\\CurrSplitBaseDialog.py\"' returned non-zero exit status 1."
  }
 },
 "idioms": {
  "count": 2,
  "files": [
   "C:\\Users\\nench\\OneDrive\\Dokumente\\GitHub\\fa-absa\\Extensions\\ABSA FX\\FPythonCode\\CurrSplitHelpFuncs.py",
   "C:\\Users\\nench\\OneDrive\\Dokumente\\GitHub\\fa-absa\\Extensions\\ABSA FX\\FPythonCode\\FX_Sweep_Balances.py"
  ],
  "errors": {
   "C:\\Users\\nench\\OneDrive\\Dokumente\\GitHub\\fa-absa\\Extensions\\ABSA FX\\FPythonCode\\CurrSplitBaseDialog.py": "Command '\"C:\\Program Files\\Python39\\Scripts\\2to3.exe\" --output-dir=\"C:\\Users\\nench\\OneDrive\\Dokumente\\fa-absa-py32\\Extensions\\ABSA FX\\FPythonCode\" -w -n -f idioms \"C:\\Users\\nench\\OneDrive\\Dokumente\\GitHub\\fa-absa\\Extensions\\ABSA FX\\FPythonCode\\CurrSplitBaseDialog.py\"' returned non-zero exit status 1."
  }
 },
 "import": {
  "count": 0,
  "files": [],
  "errors": {
   "C:\\Users\\nench\\OneDrive\\Dokumente\\GitHub\\fa-absa\\Extensions\\ABSA FX\\FPythonCode\\CurrSplitBaseDialog.py": "Command '\"C:\\Program Files\\Python39\\Scripts\\2to3.exe\" --output-dir=\"C:\\Users\\nench\\OneDrive\\Dokumente\\fa-absa-py32\\Extensions\\ABSA FX\\FPythonCode\" -w -n -f import \"C:\\Users\\nench\\OneDrive\\Dokumente\\GitHub\\fa-absa\\Extensions\\ABSA FX\\FPythonCode\\CurrSplitBaseDialog.py\"' returned non-zero exit status 1."
  }
 },
 "imports": {
  "count": 0,
  "files": [],
  "errors": {
   "C:\\Users\\nench\\OneDrive\\Dokumente\\GitHub\\fa-absa\\Extensions\\ABSA FX\\FPythonCode\\CurrSplitBaseDialog.py": "Command '\"C:\\Program Files\\Python39\\Scripts\\2to3.exe\" --output-dir=\"C:\\Users\\nench\\OneDrive\\Dokumente\\fa-absa-py32\\Extensions\\ABSA FX\\FPythonCode\" -w -n -f imports \"C:\\Users\\nench\\OneDrive\\Dokumente\\GitHub\\fa-absa\\Extensions\\ABSA FX\\FPythonCode\\CurrSplitBaseDialog.py\"' returned non-zero exit status 1."
  }
 },
 "imports2": {
  "count": 0,
  "files": [],
  "errors": {
   "C:\\Users\\nench\\OneDrive\\Dokumente\\GitHub\\fa-absa\\Extensions\\ABSA FX\\FPythonCode\\CurrSplitBaseDialog.py": "Command '\"C:\\Program Files\\Python39\\Scripts\\2to3.exe\" --output-dir=\"C:\\Users\\nench\\OneDrive\\Dokumente\\fa-absa-py32\\Extensions\\ABSA FX\\FPythonCode\" -w -n -f imports2 \"C:\\Users\\nench\\OneDrive\\Dokumente\\GitHub\\fa-absa\\Extensions\\ABSA FX\\FPythonCode\\CurrSplitBaseDialog.py\"' returned non-zero exit status 1."
  }
 },
 "input": {
  "count": 0,
  "files": [],
  "errors": {
   "C:\\Users\\nench\\OneDrive\\Dokumente\\GitHub\\fa-absa\\Extensions\\ABSA FX\\FPythonCode\\CurrSplitBaseDialog.py": "Command '\"C:\\Program Files\\Python39\\Scripts\\2to3.exe\" --output-dir=\"C:\\Users\\nench\\OneDrive\\Dokumente\\fa-absa-py32\\Extensions\\ABSA FX\\FPythonCode\" -w -n -f input \"C:\\Users\\nench\\OneDrive\\Dokumente\\GitHub\\fa-absa\\Extensions\\ABSA FX\\FPythonCode\\CurrSplitBaseDialog.py\"' returned non-zero exit status 1."
  }
 },
 "intern": {
  "count": 0,
  "files": [],
  "errors": {
   "C:\\Users\\nench\\OneDrive\\Dokumente\\GitHub\\fa-absa\\Extensions\\ABSA FX\\FPythonCode\\CurrSplitBaseDialog.py": "Command '\"C:\\Program Files\\Python39\\Scripts\\2to3.exe\" --output-dir=\"C:\\Users\\nench\\OneDrive\\Dokumente\\fa-absa-py32\\Extensions\\ABSA FX\\FPythonCode\" -w -n -f intern \"C:\\Users\\nench\\OneDrive\\Dokumente\\GitHub\\fa-absa\\Extensions\\ABSA FX\\FPythonCode\\CurrSplitBaseDialog.py\"' returned non-zero exit status 1."
  }
 },
 "isinstance": {
  "count": 0,
  "files": [],
  "errors": {
   "C:\\Users\\nench\\OneDrive\\Dokumente\\GitHub\\fa-absa\\Extensions\\ABSA FX\\FPythonCode\\CurrSplitBaseDialog.py": "Command '\"C:\\Program Files\\Python39\\Scripts\\2to3.exe\" --output-dir=\"C:\\Users\\nench\\OneDrive\\Dokumente\\fa-absa-py32\\Extensions\\ABSA FX\\FPythonCode\" -w -n -f isinstance \"C:\\Users\\nench\\OneDrive\\Dokumente\\GitHub\\fa-absa\\Extensions\\ABSA FX\\FPythonCode\\CurrSplitBaseDialog.py\"' returned non-zero exit status 1."
  }
 },
 "itertools": {
  "count": 0,
  "files": [],
  "errors": {
   "C:\\Users\\nench\\OneDrive\\Dokumente\\GitHub\\fa-absa\\Extensions\\ABSA FX\\FPythonCode\\CurrSplitBaseDialog.py": "Command '\"C:\\Program Files\\Python39\\Scripts\\2to3.exe\" --output-dir=\"C:\\Users\\nench\\OneDrive\\Dokumente\\fa-absa-py32\\Extensions\\ABSA FX\\FPythonCode\" -w -n -f itertools \"C:\\Users\\nench\\OneDrive\\Dokumente\\GitHub\\fa-absa\\Extensions\\ABSA FX\\FPythonCode\\CurrSplitBaseDialog.py\"' returned non-zero exit status 1."
  }
 },
 "itertools_imports": {
  "count": 0,
  "files": [],
  "errors": {
   "C:\\Users\\nench\\OneDrive\\Dokumente\\GitHub\\fa-absa\\Extensions\\ABSA FX\\FPythonCode\\CurrSplitBaseDialog.py": "Command '\"C:\\Program Files\\Python39\\Scripts\\2to3.exe\" --output-dir=\"C:\\Users\\nench\\OneDrive\\Dokumente\\fa-absa-py32\\Extensions\\ABSA FX\\FPythonCode\" -w -n -f itertools_imports \"C:\\Users\\nench\\OneDrive\\Dokumente\\GitHub\\fa-absa\\Extensions\\ABSA FX\\FPythonCode\\CurrSplitBaseDialog.py\"' returned non-zero exit status 1."
  }
 },
 "long": {
  "count": 0,
  "files": [],
  "errors": {
   "C:\\Users\\nench\\OneDrive\\Dokumente\\GitHub\\fa-absa\\Extensions\\ABSA FX\\FPythonCode\\CurrSplitBaseDialog.py": "Command '\"C:\\Program Files\\Python39\\Scripts\\2to3.exe\" --output-dir=\"C:\\Users\\nench\\OneDrive\\Dokumente\\fa-absa-py32\\Extensions\\ABSA FX\\FPythonCode\" -w -n -f long \"C:\\Users\\nench\\OneDrive\\Dokumente\\GitHub\\fa-absa\\Extensions\\ABSA FX\\FPythonCode\\CurrSplitBaseDialog.py\"' returned non-zero exit status 1."
  }
 },
 "map": {
  "count": 0,
  "files": [],
  "errors": {
   "C:\\Users\\nench\\OneDrive\\Dokumente\\GitHub\\fa-absa\\Extensions\\ABSA FX\\FPythonCode\\CurrSplitBaseDialog.py": "Command '\"C:\\Program Files\\Python39\\Scripts\\2to3.exe\" --output-dir=\"C:\\Users\\nench\\OneDrive\\Dokumente\\fa-absa-py32\\Extensions\\ABSA FX\\FPythonCode\" -w -n -f map \"C:\\Users\\nench\\OneDrive\\Dokumente\\GitHub\\fa-absa\\Extensions\\ABSA FX\\FPythonCode\\CurrSplitBaseDialog.py\"' returned non-zero exit status 1."
  }
 },
 "metaclass": {
  "count": 0,
  "files": [],
  "errors": {
   "C:\\Users\\nench\\OneDrive\\Dokumente\\GitHub\\fa-absa\\Extensions\\ABSA FX\\FPythonCode\\CurrSplitBaseDialog.py": "Command '\"C:\\Program Files\\Python39\\Scripts\\2to3.exe\" --output-dir=\"C:\\Users\\nench\\OneDrive\\Dokumente\\fa-absa-py32\\Extensions\\ABSA FX\\FPythonCode\" -w -n -f metaclass \"C:\\Users\\nench\\OneDrive\\Dokumente\\GitHub\\fa-absa\\Extensions\\ABSA FX\\FPythonCode\\CurrSplitBaseDialog.py\"' returned non-zero exit status 1."
  }
 },
 "methodattrs": {
  "count": 0,
  "files": [],
  "errors": {
   "C:\\Users\\nench\\OneDrive\\Dokumente\\GitHub\\fa-absa\\Extensions\\ABSA FX\\FPythonCode\\CurrSplitBaseDialog.py": "Command '\"C:\\Program Files\\Python39\\Scripts\\2to3.exe\" --output-dir=\"C:\\Users\\nench\\OneDrive\\Dokumente\\fa-absa-py32\\Extensions\\ABSA FX\\FPythonCode\" -w -n -f methodattrs \"C:\\Users\\nench\\OneDrive\\Dokumente\\GitHub\\fa-absa\\Extensions\\ABSA FX\\FPythonCode\\CurrSplitBaseDialog.py\"' returned non-zero exit status 1."
  }
 },
 "ne": {
  "count": 3,
  "files": [
   "C:\\Users\\nench\\OneDrive\\Dokumente\\GitHub\\fa-absa\\Extensions\\ABSA FX\\FPythonCode\\CurrSplitHelpFuncs.py",
   "C:\\Users\\nench\\OneDrive\\Dokumente\\GitHub\\fa-absa\\Extensions\\ABSA FX\\FPythonCode\\FConnectedTradesDockWindow.py",
   "C:\\Users\\nench\\OneDrive\\Dokumente\\GitHub\\fa-absa\\Extensions\\ABSA FX\\FPythonCode\\FXForwardPoints.py"
  ],
  "errors": {
   "C:\\Users\\nench\\OneDrive\\Dokumente\\GitHub\\fa-absa\\Extensions\\ABSA FX\\FPythonCode\\CurrSplitBaseDialog.py": "Command '\"C:\\Program Files\\Python39\\Scripts\\2to3.exe\" --output-dir=\"C:\\Users\\nench\\OneDrive\\Dokumente\\fa-absa-py32\\Extensions\\ABSA FX\\FPythonCode\" -w -n -f ne \"C:\\Users\\nench\\OneDrive\\Dokumente\\GitHub\\fa-absa\\Extensions\\ABSA FX\\FPythonCode\\CurrSplitBaseDialog.py\"' returned non-zero exit status 1."
  }
 },
 "next": {
  "count": 0,
  "files": [],
  "errors": {
   "C:\\Users\\nench\\OneDrive\\Dokumente\\GitHub\\fa-absa\\Extensions\\ABSA FX\\FPythonCode\\CurrSplitBaseDialog.py": "Command '\"C:\\Program Files\\Python39\\Scripts\\2to3.exe\" --output-dir=\"C:\\Users\\nench\\OneDrive\\Dokumente\\fa-absa-py32\\Extensions\\ABSA FX\\FPythonCode\" -w -n -f next \"C:\\Users\\nench\\OneDrive\\Dokumente\\GitHub\\fa-absa\\Extensions\\ABSA FX\\FPythonCode\\CurrSplitBaseDialog.py\"' returned non-zero exit status 1."
  }
 },
 "nonzero": {
  "count": 0,
  "files": [],
  "errors": {
   "C:\\Users\\nench\\OneDrive\\Dokumente\\GitHub\\fa-absa\\Extensions\\ABSA FX\\FPythonCode\\CurrSplitBaseDialog.py": "Command '\"C:\\Program Files\\Python39\\Scripts\\2to3.exe\" --output-dir=\"C:\\Users\\nench\\OneDrive\\Dokumente\\fa-absa-py32\\Extensions\\ABSA FX\\FPythonCode\" -w -n -f nonzero \"C:\\Users\\nench\\OneDrive\\Dokumente\\GitHub\\fa-absa\\Extensions\\ABSA FX\\FPythonCode\\CurrSplitBaseDialog.py\"' returned non-zero exit status 1."
  }
 },
 "numliterals": {
  "count": 0,
  "files": [],
  "errors": {
   "C:\\Users\\nench\\OneDrive\\Dokumente\\GitHub\\fa-absa\\Extensions\\ABSA FX\\FPythonCode\\CurrSplitBaseDialog.py": "Command '\"C:\\Program Files\\Python39\\Scripts\\2to3.exe\" --output-dir=\"C:\\Users\\nench\\OneDrive\\Dokumente\\fa-absa-py32\\Extensions\\ABSA FX\\FPythonCode\" -w -n -f numliterals \"C:\\Users\\nench\\OneDrive\\Dokumente\\GitHub\\fa-absa\\Extensions\\ABSA FX\\FPythonCode\\CurrSplitBaseDialog.py\"' returned non-zero exit status 1."
  }
 },
 "operator": {
  "count": 0,
  "files": [],
  "errors": {
   "C:\\Users\\nench\\OneDrive\\Dokumente\\GitHub\\fa-absa\\Extensions\\ABSA FX\\FPythonCode\\CurrSplitBaseDialog.py": "Command '\"C:\\Program Files\\Python39\\Scripts\\2to3.exe\" --output-dir=\"C:\\Users\\nench\\OneDrive\\Dokumente\\fa-absa-py32\\Extensions\\ABSA FX\\FPythonCode\" -w -n -f operator \"C:\\Users\\nench\\OneDrive\\Dokumente\\GitHub\\fa-absa\\Extensions\\ABSA FX\\FPythonCode\\CurrSplitBaseDialog.py\"' returned non-zero exit status 1."
  }
 },
 "paren": {
  "count": 0,
  "files": [],
  "errors": {
   "C:\\Users\\nench\\OneDrive\\Dokumente\\GitHub\\fa-absa\\Extensions\\ABSA FX\\FPythonCode\\CurrSplitBaseDialog.py": "Command '\"C:\\Program Files\\Python39\\Scripts\\2to3.exe\" --output-dir=\"C:\\Users\\nench\\OneDrive\\Dokumente\\fa-absa-py32\\Extensions\\ABSA FX\\FPythonCode\" -w -n -f paren \"C:\\Users\\nench\\OneDrive\\Dokumente\\GitHub\\fa-absa\\Extensions\\ABSA FX\\FPythonCode\\CurrSplitBaseDialog.py\"' returned non-zero exit status 1."
  }
 },
 "print": {
  "count": 18,
  "files": [
   "C:\\Users\\nench\\OneDrive\\Dokumente\\GitHub\\fa-absa\\Extensions\\ABSA FX\\FPythonCode\\ABSATools.py",
   "C:\\Users\\nench\\OneDrive\\Dokumente\\GitHub\\fa-absa\\Extensions\\ABSA FX\\FPythonCode\\AggregationConstellation.py",
   "C:\\Users\\nench\\OneDrive\\Dokumente\\GitHub\\fa-absa\\Extensions\\ABSA FX\\FPythonCode\\FConnectedTradesDockWindow.py",
   "C:\\Users\\nench\\OneDrive\\Dokumente\\GitHub\\fa-absa\\Extensions\\ABSA FX\\FPythonCode\\FFXCashPaymentUpload.py",
   "C:\\Users\\nench\\OneDrive\\Dokumente\\GitHub\\fa-absa\\Extensions\\ABSA FX\\FPythonCode\\FFXRollWrapper.py",
   "C:\\Users\\nench\\OneDrive\\Dokumente\\GitHub\\fa-absa\\Extensions\\ABSA FX\\FPythonCode\\FLTNATS.py",
   "C:\\Users\\nench\\OneDrive\\Dokumente\\GitHub\\fa-absa\\Extensions\\ABSA FX\\FPythonCode\\FLTNMenu.py",
   "C:\\Users\\nench\\OneDrive\\Dokumente\\GitHub\\fa-absa\\Extensions\\ABSA FX\\FPythonCode\\FRoutingTest.py",
   "C:\\Users\\nench\\OneDrive\\Dokumente\\GitHub\\fa-absa\\Extensions\\ABSA FX\\FPythonCode\\FTestCase.py",
   "C:\\Users\\nench\\OneDrive\\Dokumente\\GitHub\\fa-absa\\Extensions\\ABSA FX\\FPythonCode\\FTradeValidation.py",
   "C:\\Users\\nench\\OneDrive\\Dokumente\\GitHub\\fa-absa\\Extensions\\ABSA FX\\FPythonCode\\FVoidMidasTrades.py",
   "C:\\Users\\nench\\OneDrive\\Dokumente\\GitHub\\fa-absa\\Extensions\\ABSA FX\\FPythonCode\\FXUtils.py",
   "C:\\Users\\nench\\OneDrive\\Dokumente\\GitHub\\fa-absa\\Extensions\\ABSA FX\\FPythonCode\\MidasCash.py",
   "C:\\Users\\nench\\OneDrive\\Dokumente\\GitHub\\fa-absa\\Extensions\\ABSA FX\\FPythonCode\\MidasConstellationBackup.py",
   "C:\\Users\\nench\\OneDrive\\Dokumente\\GitHub\\fa-absa\\Extensions\\ABSA FX\\FPythonCode\\MidasLiveTrades.py",
   "C:\\Users\\nench\\OneDrive\\Dokumente\\GitHub\\fa-absa\\Extensions\\ABSA FX\\FPythonCode\\MidasRecon.py",
   "C:\\Users\\nench\\OneDrive\\Dokumente\\GitHub\\fa-absa\\Extensions\\ABSA FX\\FPythonCode\\MidasReconReport.py",
   "C:\\Users\\nench\\OneDrive\\Dokumente\\GitHub\\fa-absa\\Extensions\\ABSA FX\\FPythonCode\\MidasTradeLookup.py"
  ],
  "errors": {
   "C:\\Users\\nench\\OneDrive\\Dokumente\\GitHub\\fa-absa\\Extensions\\ABSA FX\\FPythonCode\\CurrSplitBaseDialog.py": "Command '\"C:\\Program Files\\Python39\\Scripts\\2to3.exe\" --output-dir=\"C:\\Users\\nench\\OneDrive\\Dokumente\\fa-absa-py32\\Extensions\\ABSA FX\\FPythonCode\" -w -n -f print \"C:\\Users\\nench\\OneDrive\\Dokumente\\GitHub\\fa-absa\\Extensions\\ABSA FX\\FPythonCode\\CurrSplitBaseDialog.py\"' returned non-zero exit status 1."
  }
 },
 "raise": {
  "count": 0,
  "files": [],
  "errors": {
   "C:\\Users\\nench\\OneDrive\\Dokumente\\GitHub\\fa-absa\\Extensions\\ABSA FX\\FPythonCode\\CurrSplitBaseDialog.py": "Command '\"C:\\Program Files\\Python39\\Scripts\\2to3.exe\" --output-dir=\"C:\\Users\\nench\\OneDrive\\Dokumente\\fa-absa-py32\\Extensions\\ABSA FX\\FPythonCode\" -w -n -f raise \"C:\\Users\\nench\\OneDrive\\Dokumente\\GitHub\\fa-absa\\Extensions\\ABSA FX\\FPythonCode\\CurrSplitBaseDialog.py\"' returned non-zero exit status 1."
  }
 },
 "raw_input": {
  "count": 0,
  "files": [],
  "errors": {
   "C:\\Users\\nench\\OneDrive\\Dokumente\\GitHub\\fa-absa\\Extensions\\ABSA FX\\FPythonCode\\CurrSplitBaseDialog.py": "Command '\"C:\\Program Files\\Python39\\Scripts\\2to3.exe\" --output-dir=\"C:\\Users\\nench\\OneDrive\\Dokumente\\fa-absa-py32\\Extensions\\ABSA FX\\FPythonCode\" -w -n -f raw_input \"C:\\Users\\nench\\OneDrive\\Dokumente\\GitHub\\fa-absa\\Extensions\\ABSA FX\\FPythonCode\\CurrSplitBaseDialog.py\"' returned non-zero exit status 1."
  }
 },
 "reduce": {
  "count": 0,
  "files": [],
  "errors": {
   "C:\\Users\\nench\\OneDrive\\Dokumente\\GitHub\\fa-absa\\Extensions\\ABSA FX\\FPythonCode\\CurrSplitBaseDialog.py": "Command '\"C:\\Program Files\\Python39\\Scripts\\2to3.exe\" --output-dir=\"C:\\Users\\nench\\OneDrive\\Dokumente\\fa-absa-py32\\Extensions\\ABSA FX\\FPythonCode\" -w -n -f reduce \"C:\\Users\\nench\\OneDrive\\Dokumente\\GitHub\\fa-absa\\Extensions\\ABSA FX\\FPythonCode\\CurrSplitBaseDialog.py\"' returned non-zero exit status 1."
  }
 },
 "reload": {
  "count": 4,
  "files": [
   "C:\\Users\\nench\\OneDrive\\Dokumente\\GitHub\\fa-absa\\Extensions\\ABSA FX\\FPythonCode\\CurrSplitCreateNewTrades.py",
   "C:\\Users\\nench\\OneDrive\\Dokumente\\GitHub\\fa-absa\\Extensions\\ABSA FX\\FPythonCode\\FX_AUTOROLL.py",
   "C:\\Users\\nench\\OneDrive\\Dokumente\\GitHub\\fa-absa\\Extensions\\ABSA FX\\FPythonCode\\FX_AUTOROLL_ROLLBACK.py",
   "C:\\Users\\nench\\OneDrive\\Dokumente\\GitHub\\fa-absa\\Extensions\\ABSA FX\\FPythonCode\\FX_Sweep_Balances.py"
  ],
  "errors": {
   "C:\\Users\\nench\\OneDrive\\Dokumente\\GitHub\\fa-absa\\Extensions\\ABSA FX\\FPythonCode\\CurrSplitBaseDialog.py": "Command '\"C:\\Program Files\\Python39\\Scripts\\2to3.exe\" --output-dir=\"C:\\Users\\nench\\OneDrive\\Dokumente\\fa-absa-py32\\Extensions\\ABSA FX\\FPythonCode\" -w -n -f reload \"C:\\Users\\nench\\OneDrive\\Dokumente\\GitHub\\fa-absa\\Extensions\\ABSA FX\\FPythonCode\\CurrSplitBaseDialog.py\"' returned non-zero exit status 1."
  }
 },
 "renames": {
  "count": 0,
  "files": [],
  "errors": {
   "C:\\Users\\nench\\OneDrive\\Dokumente\\GitHub\\fa-absa\\Extensions\\ABSA FX\\FPythonCode\\CurrSplitBaseDialog.py": "Command '\"C:\\Program Files\\Python39\\Scripts\\2to3.exe\" --output-dir=\"C:\\Users\\nench\\OneDrive\\Dokumente\\fa-absa-py32\\Extensions\\ABSA FX\\FPythonCode\" -w -n -f renames \"C:\\Users\\nench\\OneDrive\\Dokumente\\GitHub\\fa-absa\\Extensions\\ABSA FX\\FPythonCode\\CurrSplitBaseDialog.py\"' returned non-zero exit status 1."
  }
 },
 "repr": {
  "count": 0,
  "files": [],
  "errors": {
   "C:\\Users\\nench\\OneDrive\\Dokumente\\GitHub\\fa-absa\\Extensions\\ABSA FX\\FPythonCode\\CurrSplitBaseDialog.py": "Command '\"C:\\Program Files\\Python39\\Scripts\\2to3.exe\" --output-dir=\"C:\\Users\\nench\\OneDrive\\Dokumente\\fa-absa-py32\\Extensions\\ABSA FX\\FPythonCode\" -w -n -f repr \"C:\\Users\\nench\\OneDrive\\Dokumente\\GitHub\\fa-absa\\Extensions\\ABSA FX\\FPythonCode\\CurrSplitBaseDialog.py\"' returned non-zero exit status 1."
  }
 },
 "set_literal": {
  "count": 0,
  "files": [],
  "errors": {
   "C:\\Users\\nench\\OneDrive\\Dokumente\\GitHub\\fa-absa\\Extensions\\ABSA FX\\FPythonCode\\CurrSplitBaseDialog.py": "Command '\"C:\\Program Files\\Python39\\Scripts\\2to3.exe\" --output-dir=\"C:\\Users\\nench\\OneDrive\\Dokumente\\fa-absa-py32\\Extensions\\ABSA FX\\FPythonCode\" -w -n -f set_literal \"C:\\Users\\nench\\OneDrive\\Dokumente\\GitHub\\fa-absa\\Extensions\\ABSA FX\\FPythonCode\\CurrSplitBaseDialog.py\"' returned non-zero exit status 1."
  }
 },
 "standarderror": {
  "count": 0,
  "files": [],
  "errors": {
   "C:\\Users\\nench\\OneDrive\\Dokumente\\GitHub\\fa-absa\\Extensions\\ABSA FX\\FPythonCode\\CurrSplitBaseDialog.py": "Command '\"C:\\Program Files\\Python39\\Scripts\\2to3.exe\" --output-dir=\"C:\\Users\\nench\\OneDrive\\Dokumente\\fa-absa-py32\\Extensions\\ABSA FX\\FPythonCode\" -w -n -f standarderror \"C:\\Users\\nench\\OneDrive\\Dokumente\\GitHub\\fa-absa\\Extensions\\ABSA FX\\FPythonCode\\CurrSplitBaseDialog.py\"' returned non-zero exit status 1."
  }
 },
 "sys_exc": {
  "count": 0,
  "files": [],
  "errors": {
   "C:\\Users\\nench\\OneDrive\\Dokumente\\GitHub\\fa-absa\\Extensions\\ABSA FX\\FPythonCode\\CurrSplitBaseDialog.py": "Command '\"C:\\Program Files\\Python39\\Scripts\\2to3.exe\" --output-dir=\"C:\\Users\\nench\\OneDrive\\Dokumente\\fa-absa-py32\\Extensions\\ABSA FX\\FPythonCode\" -w -n -f sys_exc \"C:\\Users\\nench\\OneDrive\\Dokumente\\GitHub\\fa-absa\\Extensions\\ABSA FX\\FPythonCode\\CurrSplitBaseDialog.py\"' returned non-zero exit status 1."
  }
 },
 "throw": {
  "count": 0,
  "files": [],
  "errors": {
   "C:\\Users\\nench\\OneDrive\\Dokumente\\GitHub\\fa-absa\\Extensions\\ABSA FX\\FPythonCode\\CurrSplitBaseDialog.py": "Command '\"C:\\Program Files\\Python39\\Scripts\\2to3.exe\" --output-dir=\"C:\\Users\\nench\\OneDrive\\Dokumente\\fa-absa-py32\\Extensions\\ABSA FX\\FPythonCode\" -w -n -f throw \"C:\\Users\\nench\\OneDrive\\Dokumente\\GitHub\\fa-absa\\Extensions\\ABSA FX\\FPythonCode\\CurrSplitBaseDialog.py\"' returned non-zero exit status 1."
  }
 },
 "tuple_params": {
  "count": 0,
  "files": [],
  "errors": {
   "C:\\Users\\nench\\OneDrive\\Dokumente\\GitHub\\fa-absa\\Extensions\\ABSA FX\\FPythonCode\\CurrSplitBaseDialog.py": "Command '\"C:\\Program Files\\Python39\\Scripts\\2to3.exe\" --output-dir=\"C:\\Users\\nench\\OneDrive\\Dokumente\\fa-absa-py32\\Extensions\\ABSA FX\\FPythonCode\" -w -n -f tuple_params \"C:\\Users\\nench\\OneDrive\\Dokumente\\GitHub\\fa-absa\\Extensions\\ABSA FX\\FPythonCode\\CurrSplitBaseDialog.py\"' returned non-zero exit status 1."
  }
 },
 "types": {
  "count": 0,
  "files": [],
  "errors": {
   "C:\\Users\\nench\\OneDrive\\Dokumente\\GitHub\\fa-absa\\Extensions\\ABSA FX\\FPythonCode\\CurrSplitBaseDialog.py": "Command '\"C:\\Program Files\\Python39\\Scripts\\2to3.exe\" --output-dir=\"C:\\Users\\nench\\OneDrive\\Dokumente\\fa-absa-py32\\Extensions\\ABSA FX\\FPythonCode\" -w -n -f types \"C:\\Users\\nench\\OneDrive\\Dokumente\\GitHub\\fa-absa\\Extensions\\ABSA FX\\FPythonCode\\CurrSplitBaseDialog.py\"' returned non-zero exit status 1."
  }
 },
 "unicode": {
  "count": 0,
  "files": [],
  "errors": {
   "C:\\Users\\nench\\OneDrive\\Dokumente\\GitHub\\fa-absa\\Extensions\\ABSA FX\\FPythonCode\\CurrSplitBaseDialog.py": "Command '\"C:\\Program Files\\Python39\\Scripts\\2to3.exe\" --output-dir=\"C:\\Users\\nench\\OneDrive\\Dokumente\\fa-absa-py32\\Extensions\\ABSA FX\\FPythonCode\" -w -n -f unicode \"C:\\Users\\nench\\OneDrive\\Dokumente\\GitHub\\fa-absa\\Extensions\\ABSA FX\\FPythonCode\\CurrSplitBaseDialog.py\"' returned non-zero exit status 1."
  }
 },
 "urllib": {
  "count": 0,
  "files": [],
  "errors": {
   "C:\\Users\\nench\\OneDrive\\Dokumente\\GitHub\\fa-absa\\Extensions\\ABSA FX\\FPythonCode\\CurrSplitBaseDialog.py": "Command '\"C:\\Program Files\\Python39\\Scripts\\2to3.exe\" --output-dir=\"C:\\Users\\nench\\OneDrive\\Dokumente\\fa-absa-py32\\Extensions\\ABSA FX\\FPythonCode\" -w -n -f urllib \"C:\\Users\\nench\\OneDrive\\Dokumente\\GitHub\\fa-absa\\Extensions\\ABSA FX\\FPythonCode\\CurrSplitBaseDialog.py\"' returned non-zero exit status 1."
  }
 },
 "ws_comma": {
  "count": 38,
  "files": [
   "C:\\Users\\nench\\OneDrive\\Dokumente\\GitHub\\fa-absa\\Extensions\\ABSA FX\\FPythonCode\\ABSATools.py",
   "C:\\Users\\nench\\OneDrive\\Dokumente\\GitHub\\fa-absa\\Extensions\\ABSA FX\\FPythonCode\\AggregatedTradesUpdated.py",
   "C:\\Users\\nench\\OneDrive\\Dokumente\\GitHub\\fa-absa\\Extensions\\ABSA FX\\FPythonCode\\AggregationConstellation.py",
   "C:\\Users\\nench\\OneDrive\\Dokumente\\GitHub\\fa-absa\\Extensions\\ABSA FX\\FPythonCode\\CurrSplitCreateNewTrades.py",
   "C:\\Users\\nench\\OneDrive\\Dokumente\\GitHub\\fa-absa\\Extensions\\ABSA FX\\FPythonCode\\ExportToSCV.py",
   "C:\\Users\\nench\\OneDrive\\Dokumente\\GitHub\\fa-absa\\Extensions\\ABSA FX\\FPythonCode\\FConnectedTradesDockWindow.py",
   "C:\\Users\\nench\\OneDrive\\Dokumente\\GitHub\\fa-absa\\Extensions\\ABSA FX\\FPythonCode\\FFXCashPaymentUpload.py",
   "C:\\Users\\nench\\OneDrive\\Dokumente\\GitHub\\fa-absa\\Extensions\\ABSA FX\\FPythonCode\\FFXPositionMove.py",
   "C:\\Users\\nench\\OneDrive\\Dokumente\\GitHub\\fa-absa\\Extensions\\ABSA FX\\FPythonCode\\FFXRollWrapper.py",
   "C:\\Users\\nench\\OneDrive\\Dokumente\\GitHub\\fa-absa\\Extensions\\ABSA FX\\FPythonCode\\FInsertMidasTrades.py",
   "C:\\Users\\nench\\OneDrive\\Dokumente\\GitHub\\fa-absa\\Extensions\\ABSA FX\\FPythonCode\\FLTNATS.py",
   "C:\\Users\\nench\\OneDrive\\Dokumente\\GitHub\\fa-absa\\Extensions\\ABSA FX\\FPythonCode\\FLTNMenu.py",
   "C:\\Users\\nench\\OneDrive\\Dokumente\\GitHub\\fa-absa\\Extensions\\ABSA FX\\FPythonCode\\FRoutingTest.py",
   "C:\\Users\\nench\\OneDrive\\Dokumente\\GitHub\\fa-absa\\Extensions\\ABSA FX\\FPythonCode\\FRunningTotal.py",
   "C:\\Users\\nench\\OneDrive\\Dokumente\\GitHub\\fa-absa\\Extensions\\ABSA FX\\FPythonCode\\FTestCase.py",
   "C:\\Users\\nench\\OneDrive\\Dokumente\\GitHub\\fa-absa\\Extensions\\ABSA FX\\FPythonCode\\FTradeValidation.py",
   "C:\\Users\\nench\\OneDrive\\Dokumente\\GitHub\\fa-absa\\Extensions\\ABSA FX\\FPythonCode\\FXForwardPoints.py",
   "C:\\Users\\nench\\OneDrive\\Dokumente\\GitHub\\fa-absa\\Extensions\\ABSA FX\\FPythonCode\\FXFutures_CloseOut.py",
   "C:\\Users\\nench\\OneDrive\\Dokumente\\GitHub\\fa-absa\\Extensions\\ABSA FX\\FPythonCode\\FXSqlFunctions.py",
   "C:\\Users\\nench\\OneDrive\\Dokumente\\GitHub\\fa-absa\\Extensions\\ABSA FX\\FPythonCode\\FxTimeBuckets.py",
   "C:\\Users\\nench\\OneDrive\\Dokumente\\GitHub\\fa-absa\\Extensions\\ABSA FX\\FPythonCode\\FXUtils.py",
   "C:\\Users\\nench\\OneDrive\\Dokumente\\GitHub\\fa-absa\\Extensions\\ABSA FX\\FPythonCode\\FX_AUTOROLL.py",
   "C:\\Users\\nench\\OneDrive\\Dokumente\\GitHub\\fa-absa\\Extensions\\ABSA FX\\FPythonCode\\FX_AUTOROLL_BOOKING.py",
   "C:\\Users\\nench\\OneDrive\\Dokumente\\GitHub\\fa-absa\\Extensions\\ABSA FX\\FPythonCode\\FX_AUTOROLL_PARAMETERS.py",
   "C:\\Users\\nench\\OneDrive\\Dokumente\\GitHub\\fa-absa\\Extensions\\ABSA FX\\FPythonCode\\FX_AUTOROLL_POSITION_CALC.py",
   "C:\\Users\\nench\\OneDrive\\Dokumente\\GitHub\\fa-absa\\Extensions\\ABSA FX\\FPythonCode\\FX_AUTOROLL_PROCESS.py",
   "C:\\Users\\nench\\OneDrive\\Dokumente\\GitHub\\fa-absa\\Extensions\\ABSA FX\\FPythonCode\\FX_AUTOROLL_UTILS.py",
   "C:\\Users\\nench\\OneDrive\\Dokumente\\GitHub\\fa-absa\\Extensions\\ABSA FX\\FPythonCode\\FX_Sweep_Balances.py",
   "C:\\Users\\nench\\OneDrive\\Dokumente\\GitHub\\fa-absa\\Extensions\\ABSA FX\\FPythonCode\\MidasCash.py",
   "C:\\Users\\nench\\OneDrive\\Dokumente\\GitHub\\fa-absa\\Extensions\\ABSA FX\\FPythonCode\\MidasCodeSearch.py",
   "C:\\Users\\nench\\OneDrive\\Dokumente\\GitHub\\fa-absa\\Extensions\\ABSA FX\\FPythonCode\\MidasConstellation.py",
   "C:\\Users\\nench\\OneDrive\\Dokumente\\GitHub\\fa-absa\\Extensions\\ABSA FX\\FPythonCode\\MidasConstellationBackup.py",
   "C:\\Users\\nench\\OneDrive\\Dokumente\\GitHub\\fa-absa\\Extensions\\ABSA FX\\FPythonCode\\MidasLiveTrades.py",
   "C:\\Users\\nench\\OneDrive\\Dokumente\\GitHub\\fa-absa\\Extensions\\ABSA FX\\FPythonCode\\MidasRecon.py",
   "C:\\Users\\nench\\OneDrive\\Dokumente\\GitHub\\fa-absa\\Extensions\\ABSA FX\\FPythonCode\\MidasReconReport.py",
   "C:\\Users\\nench\\OneDrive\\Dokumente\\GitHub\\fa-absa\\Extensions\\ABSA FX\\FPythonCode\\MidasTools.py",
   "C:\\Users\\nench\\OneDrive\\Dokumente\\GitHub\\fa-absa\\Extensions\\ABSA FX\\FPythonCode\\MidasTradeLookup.py",
   "C:\\Users\\nench\\OneDrive\\Dokumente\\GitHub\\fa-absa\\Extensions\\ABSA FX\\FPythonCode\\MidasTradeView.py"
  ],
  "errors": {
   "C:\\Users\\nench\\OneDrive\\Dokumente\\GitHub\\fa-absa\\Extensions\\ABSA FX\\FPythonCode\\CurrSplitBaseDialog.py": "Command '\"C:\\Program Files\\Python39\\Scripts\\2to3.exe\" --output-dir=\"C:\\Users\\nench\\OneDrive\\Dokumente\\fa-absa-py32\\Extensions\\ABSA FX\\FPythonCode\" -w -n -f ws_comma \"C:\\Users\\nench\\OneDrive\\Dokumente\\GitHub\\fa-absa\\Extensions\\ABSA FX\\FPythonCode\\CurrSplitBaseDialog.py\"' returned non-zero exit status 1."
  }
 },
 "xrange": {
  "count": 0,
  "files": [],
  "errors": {
   "C:\\Users\\nench\\OneDrive\\Dokumente\\GitHub\\fa-absa\\Extensions\\ABSA FX\\FPythonCode\\CurrSplitBaseDialog.py": "Command '\"C:\\Program Files\\Python39\\Scripts\\2to3.exe\" --output-dir=\"C:\\Users\\nench\\OneDrive\\Dokumente\\fa-absa-py32\\Extensions\\ABSA FX\\FPythonCode\" -w -n -f xrange \"C:\\Users\\nench\\OneDrive\\Dokumente\\GitHub\\fa-absa\\Extensions\\ABSA FX\\FPythonCode\\CurrSplitBaseDialog.py\"' returned non-zero exit status 1."
  }
 },
 "xreadlines": {
  "count": 0,
  "files": [],
  "errors": {
   "C:\\Users\\nench\\OneDrive\\Dokumente\\GitHub\\fa-absa\\Extensions\\ABSA FX\\FPythonCode\\CurrSplitBaseDialog.py": "Command '\"C:\\Program Files\\Python39\\Scripts\\2to3.exe\" --output-dir=\"C:\\Users\\nench\\OneDrive\\Dokumente\\fa-absa-py32\\Extensions\\ABSA FX\\FPythonCode\" -w -n -f xreadlines \"C:\\Users\\nench\\OneDrive\\Dokumente\\GitHub\\fa-absa\\Extensions\\ABSA FX\\FPythonCode\\CurrSplitBaseDialog.py\"' returned non-zero exit status 1."
  }
 },
 "zip": {
  "count": 0,
  "files": [],
  "errors": {
   "C:\\Users\\nench\\OneDrive\\Dokumente\\GitHub\\fa-absa\\Extensions\\ABSA FX\\FPythonCode\\CurrSplitBaseDialog.py": "Command '\"C:\\Program Files\\Python39\\Scripts\\2to3.exe\" --output-dir=\"C:\\Users\\nench\\OneDrive\\Dokumente\\fa-absa-py32\\Extensions\\ABSA FX\\FPythonCode\" -w -n -f zip \"C:\\Users\\nench\\OneDrive\\Dokumente\\GitHub\\fa-absa\\Extensions\\ABSA FX\\FPythonCode\\CurrSplitBaseDialog.py\"' returned non-zero exit status 1."
  }
 }
}