{
 "apply": {
  "count": 0,
  "files": [],
  "errors": {}
 },
 "asserts": {
  "count": 0,
  "files": [],
  "errors": {}
 },
 "basestring": {
  "count": 0,
  "files": [],
  "errors": {}
 },
 "buffer": {
  "count": 0,
  "files": [],
  "errors": {}
 },
 "dict": {
  "count": 1,
  "files": [
   "C:\\Users\\nench\\OneDrive\\Dokumente\\GitHub\\fa-absa\\Extensions\\ABSADocumentation\\FPythonCode\\FConfirmationGeneral.py"
  ],
  "errors": {}
 },
 "except": {
  "count": 7,
  "files": [
   "C:\\Users\\nench\\OneDrive\\Dokumente\\GitHub\\fa-absa\\Extensions\\ABSADocumentation\\FPythonCode\\ABSAAffirmation_Main.py",
   "C:\\Users\\nench\\OneDrive\\Dokumente\\GitHub\\fa-absa\\Extensions\\ABSADocumentation\\FPythonCode\\ABSADocumentation.py",
   "C:\\Users\\nench\\OneDrive\\Dokumente\\GitHub\\fa-absa\\Extensions\\ABSADocumentation\\FPythonCode\\ABSAFConfirmationXML.py",
   "C:\\Users\\nench\\OneDrive\\Dokumente\\GitHub\\fa-absa\\Extensions\\ABSADocumentation\\FPythonCode\\ABSAFOperationsXML.py",
   "C:\\Users\\nench\\OneDrive\\Dokumente\\GitHub\\fa-absa\\Extensions\\ABSADocumentation\\FPythonCode\\ABSAGetDocument.py",
   "C:\\Users\\nench\\OneDrive\\Dokumente\\GitHub\\fa-absa\\Extensions\\ABSADocumentation\\FPythonCode\\ABSATridentFaker.py",
   "C:\\Users\\nench\\OneDrive\\Dokumente\\GitHub\\fa-absa\\Extensions\\ABSADocumentation\\FPythonCode\\FConfirmationGeneral.py"
  ],
  "errors": {}
 },
 "exec": {
  "count": 0,
  "files": [],
  "errors": {}
 },
 "execfile": {
  "count": 0,
  "files": [],
  "errors": {}
 },
 "exitfunc": {
  "count": 0,
  "files": [],
  "errors": {}
 },
 "filter": {
  "count": 0,
  "files": [],
  "errors": {}
 },
 "funcattrs": {
  "count": 0,
  "files": [],
  "errors": {}
 },
 "future": {
  "count": 0,
  "files": [],
  "errors": {}
 },
 "getcwdu": {
  "count": 0,
  "files": [],
  "errors": {}
 },
 "has_key": {
  "count": 3,
  "files": [
   "C:\\Users\\nench\\OneDrive\\Dokumente\\GitHub\\fa-absa\\Extensions\\ABSADocumentation\\FPythonCode\\ABSAGetDocument.py",
   "C:\\Users\\nench\\OneDrive\\Dokumente\\GitHub\\fa-absa\\Extensions\\ABSADocumentation\\FPythonCode\\ABSATridentFaker.py",
   "C:\\Users\\nench\\OneDrive\\Dokumente\\GitHub\\fa-absa\\Extensions\\ABSADocumentation\\FPythonCode\\FConfirmationGeneral.py"
  ],
  "errors": {}
 },
 "idioms": {
  "count": 1,
  "files": [
   "C:\\Users\\nench\\OneDrive\\Dokumente\\GitHub\\fa-absa\\Extensions\\ABSADocumentation\\FPythonCode\\FConfirmationGeneral.py"
  ],
  "errors": {}
 },
 "import": {
  "count": 0,
  "files": [],
  "errors": {}
 },
 "imports": {
  "count": 1,
  "files": [
   "C:\\Users\\nench\\OneDrive\\Dokumente\\GitHub\\fa-absa\\Extensions\\ABSADocumentation\\FPythonCode\\ABSAAffirmationProcess.py"
  ],
  "errors": {}
 },
 "imports2": {
  "count": 0,
  "files": [],
  "errors": {}
 },
 "input": {
  "count": 0,
  "files": [],
  "errors": {}
 },
 "intern": {
  "count": 0,
  "files": [],
  "errors": {}
 },
 "isinstance": {
  "count": 0,
  "files": [],
  "errors": {}
 },
 "itertools": {
  "count": 0,
  "files": [],
  "errors": {}
 },
 "itertools_imports": {
  "count": 0,
  "files": [],
  "errors": {}
 },
 "long": {
  "count": 0,
  "files": [],
  "errors": {}
 },
 "map": {
  "count": 0,
  "files": [],
  "errors": {}
 },
 "metaclass": {
  "count": 0,
  "files": [],
  "errors": {}
 },
 "methodattrs": {
  "count": 0,
  "files": [],
  "errors": {}
 },
 "ne": {
  "count": 1,
  "files": [
   "C:\\Users\\nench\\OneDrive\\Dokumente\\GitHub\\fa-absa\\Extensions\\ABSADocumentation\\FPythonCode\\ABSAAffirmationProcess.py"
  ],
  "errors": {}
 },
 "next": {
  "count": 0,
  "files": [],
  "errors": {}
 },
 "nonzero": {
  "count": 0,
  "files": [],
  "errors": {}
 },
 "numliterals": {
  "count": 0,
  "files": [],
  "errors": {}
 },
 "operator": {
  "count": 0,
  "files": [],
  "errors": {}
 },
 "paren": {
  "count": 0,
  "files": [],
  "errors": {}
 },
 "print": {
  "count": 5,
  "files": [
   "C:\\Users\\nench\\OneDrive\\Dokumente\\GitHub\\fa-absa\\Extensions\\ABSADocumentation\\FPythonCode\\ABSAAffirmationProcess.py",
   "C:\\Users\\nench\\OneDrive\\Dokumente\\GitHub\\fa-absa\\Extensions\\ABSADocumentation\\FPythonCode\\ABSAAffirmation_Main.py",
   "C:\\Users\\nench\\OneDrive\\Dokumente\\GitHub\\fa-absa\\Extensions\\ABSADocumentation\\FPythonCode\\ABSADocumentation.py",
   "C:\\Users\\nench\\OneDrive\\Dokumente\\GitHub\\fa-absa\\Extensions\\ABSADocumentation\\FPythonCode\\ABSAFConfirmationXML.py",
   "C:\\Users\\nench\\OneDrive\\Dokumente\\GitHub\\fa-absa\\Extensions\\ABSADocumentation\\FPythonCode\\ABSATridentFaker.py"
  ],
  "errors": {}
 },
 "raise": {
  "count": 2,
  "files": [
   "C:\\Users\\nench\\OneDrive\\Dokumente\\GitHub\\fa-absa\\Extensions\\ABSADocumentation\\FPythonCode\\ABSADocumentation.py",
   "C:\\Users\\nench\\OneDrive\\Dokumente\\GitHub\\fa-absa\\Extensions\\ABSADocumentation\\FPythonCode\\ABSAFOperationsXML.py"
  ],
  "errors": {}
 },
 "raw_input": {
  "count": 0,
  "files": [],
  "errors": {}
 },
 "reduce": {
  "count": 0,
  "files": [],
  "errors": {}
 },
 "reload": {
  "count": 0,
  "files": [],
  "errors": {}
 },
 "renames": {
  "count": 0,
  "files": [],
  "errors": {}
 },
 "repr": {
  "count": 0,
  "files": [],
  "errors": {}
 },
 "set_literal": {
  "count": 0,
  "files": [],
  "errors": {}
 },
 "standarderror": {
  "count": 0,
  "files": [],
  "errors": {}
 },
 "sys_exc": {
  "count": 0,
  "files": [],
  "errors": {}
 },
 "throw": {
  "count": 0,
  "files": [],
  "errors": {}
 },
 "tuple_params": {
  "count": 0,
  "files": [],
  "errors": {}
 },
 "types": {
  "count": 0,
  "files": [],
  "errors": {}
 },
 "unicode": {
  "count": 0,
  "files": [],
  "errors": {}
 },
 "urllib": {
  "count": 0,
  "files": [],
  "errors": {}
 },
 "ws_comma": {
  "count": 7,
  "files": [
   "C:\\Users\\nench\\OneDrive\\Dokumente\\GitHub\\fa-absa\\Extensions\\ABSADocumentation\\FPythonCode\\ABSAAffirmationProcess.py",
   "C:\\Users\\nench\\OneDrive\\Dokumente\\GitHub\\fa-absa\\Extensions\\ABSADocumentation\\FPythonCode\\ABSADocumentation.py",
   "C:\\Users\\nench\\OneDrive\\Dokumente\\GitHub\\fa-absa\\Extensions\\ABSADocumentation\\FPythonCode\\ABSADocumentStatusTransitions.py",
   "C:\\Users\\nench\\OneDrive\\Dokumente\\GitHub\\fa-absa\\Extensions\\ABSADocumentation\\FPythonCode\\ABSAFOperationsXML.py",
   "C:\\Users\\nench\\OneDrive\\Dokumente\\GitHub\\fa-absa\\Extensions\\ABSADocumentation\\FPythonCode\\ABSAGetDocument.py",
   "C:\\Users\\nench\\OneDrive\\Dokumente\\GitHub\\fa-absa\\Extensions\\ABSADocumentation\\FPythonCode\\ABSATridentFaker.py",
   "C:\\Users\\nench\\OneDrive\\Dokumente\\GitHub\\fa-absa\\Extensions\\ABSADocumentation\\FPythonCode\\ABSA_Confirmation_Hook.py"
  ],
  "errors": {}
 },
 "xrange": {
  "count": 0,
  "files": [],
  "errors": {}
 },
 "xreadlines": {
  "count": 0,
  "files": [],
  "errors": {}
 },
 "zip": {
  "count": 0,
  "files": [],
  "errors": {}
 }
}