{
 "apply": {
  "count": 0,
  "files": [],
  "errors": {}
 },
 "asserts": {
  "count": 0,
  "files": [],
  "errors": {}
 },
 "basestring": {
  "count": 0,
  "files": [],
  "errors": {}
 },
 "buffer": {
  "count": 0,
  "files": [],
  "errors": {}
 },
 "dict": {
  "count": 19,
  "files": [
   "C:\\Users\\nench\\OneDrive\\Dokumente\\GitHub\\fa-absa\\Extensions\\ABSA Documentation\\FPythonCode\\ASUS10b10ConfirmationCreator.py",
   "C:\\Users\\nench\\OneDrive\\Dokumente\\GitHub\\fa-absa\\Extensions\\ABSA Documentation\\FPythonCode\\ASUSNewTradeConfirmationGeneral.py",
   "C:\\Users\\nench\\OneDrive\\Dokumente\\GitHub\\fa-absa\\Extensions\\ABSA Documentation\\FPythonCode\\BrokerNoteBulkXLSXGenerator.py",
   "C:\\Users\\nench\\OneDrive\\Dokumente\\GitHub\\fa-absa\\Extensions\\ABSA Documentation\\FPythonCode\\BrokerNoteXMLGenerator.py",
   "C:\\Users\\nench\\OneDrive\\Dokumente\\GitHub\\fa-absa\\Extensions\\ABSA Documentation\\FPythonCode\\EmailBodyHTMLGenerator.py",
   "C:\\Users\\nench\\OneDrive\\Dokumente\\GitHub\\fa-absa\\Extensions\\ABSA Documentation\\FPythonCode\\FConfirmationEngine.py",
   "C:\\Users\\nench\\OneDrive\\Dokumente\\GitHub\\fa-absa\\Extensions\\ABSA Documentation\\FPythonCode\\FOperationsDocumentXML.py",
   "C:\\Users\\nench\\OneDrive\\Dokumente\\GitHub\\fa-absa\\Extensions\\ABSA Documentation\\FPythonCode\\FSwiftUtils.py",
   "C:\\Users\\nench\\OneDrive\\Dokumente\\GitHub\\fa-absa\\Extensions\\ABSA Documentation\\FPythonCode\\FUxConfirmationDiaryDialog.py",
   "C:\\Users\\nench\\OneDrive\\Dokumente\\GitHub\\fa-absa\\Extensions\\ABSA Documentation\\FPythonCode\\LoanBalanceStatementXMLGenerator.py",
   "C:\\Users\\nench\\OneDrive\\Dokumente\\GitHub\\fa-absa\\Extensions\\ABSA Documentation\\FPythonCode\\LoanNoticeConfirmationXMLGenerator.py",
   "C:\\Users\\nench\\OneDrive\\Dokumente\\GitHub\\fa-absa\\Extensions\\ABSA Documentation\\FPythonCode\\LoanOpsTradeUpdate.py",
   "C:\\Users\\nench\\OneDrive\\Dokumente\\GitHub\\fa-absa\\Extensions\\ABSA Documentation\\FPythonCode\\LoanRepaymentNoticeXMLGenerator.py",
   "C:\\Users\\nench\\OneDrive\\Dokumente\\GitHub\\fa-absa\\Extensions\\ABSA Documentation\\FPythonCode\\PreSettlementAdviceGeneral.py",
   "C:\\Users\\nench\\OneDrive\\Dokumente\\GitHub\\fa-absa\\Extensions\\ABSA Documentation\\FPythonCode\\PreSettlementAdviceXLSXGenerator.py",
   "C:\\Users\\nench\\OneDrive\\Dokumente\\GitHub\\fa-absa\\Extensions\\ABSA Documentation\\FPythonCode\\PreSettlementAdviceXMLGenerator.py",
   "C:\\Users\\nench\\OneDrive\\Dokumente\\GitHub\\fa-absa\\Extensions\\ABSA Documentation\\FPythonCode\\SARBSecurityTransferInstructionGeneral.py",
   "C:\\Users\\nench\\OneDrive\\Dokumente\\GitHub\\fa-absa\\Extensions\\ABSA Documentation\\FPythonCode\\SecurityLoanGeneral.py",
   "C:\\Users\\nench\\OneDrive\\Dokumente\\GitHub\\fa-absa\\Extensions\\ABSA Documentation\\FPythonCode\\SecurityLoanPDFGenerator.py"
  ],
  "errors": {}
 },
 "except": {
  "count": 2,
  "files": [
   "C:\\Users\\nench\\OneDrive\\Dokumente\\GitHub\\fa-absa\\Extensions\\ABSA Documentation\\FPythonCode\\FConfirmationEOD_MaturityNotices.py",
   "C:\\Users\\nench\\OneDrive\\Dokumente\\GitHub\\fa-absa\\Extensions\\ABSA Documentation\\FPythonCode\\FConfirmationXML.py"
  ],
  "errors": {}
 },
 "exec": {
  "count": 0,
  "files": [],
  "errors": {}
 },
 "execfile": {
  "count": 0,
  "files": [],
  "errors": {}
 },
 "exitfunc": {
  "count": 0,
  "files": [],
  "errors": {}
 },
 "filter": {
  "count": 2,
  "files": [
   "C:\\Users\\nench\\OneDrive\\Dokumente\\GitHub\\fa-absa\\Extensions\\ABSA Documentation\\FPythonCode\\FOperationsDocumentXML.py",
   "C:\\Users\\nench\\OneDrive\\Dokumente\\GitHub\\fa-absa\\Extensions\\ABSA Documentation\\FPythonCode\\FOperationsDocumentXMLDOM.py"
  ],
  "errors": {}
 },
 "funcattrs": {
  "count": 0,
  "files": [],
  "errors": {}
 },
 "future": {
  "count": 3,
  "files": [
   "C:\\Users\\nench\\OneDrive\\Dokumente\\GitHub\\fa-absa\\Extensions\\ABSA Documentation\\FPythonCode\\FConfirmationMain.py",
   "C:\\Users\\nench\\OneDrive\\Dokumente\\GitHub\\fa-absa\\Extensions\\ABSA Documentation\\FPythonCode\\FOperationsUtils.py",
   "C:\\Users\\nench\\OneDrive\\Dokumente\\GitHub\\fa-absa\\Extensions\\ABSA Documentation\\FPythonCode\\FSwiftUtils.py"
  ],
  "errors": {}
 },
 "getcwdu": {
  "count": 0,
  "files": [],
  "errors": {}
 },
 "has_key": {
  "count": 3,
  "files": [
   "C:\\Users\\nench\\OneDrive\\Dokumente\\GitHub\\fa-absa\\Extensions\\ABSA Documentation\\FPythonCode\\FConfirmationMain.py",
   "C:\\Users\\nench\\OneDrive\\Dokumente\\GitHub\\fa-absa\\Extensions\\ABSA Documentation\\FPythonCode\\FOperationsUtils.py",
   "C:\\Users\\nench\\OneDrive\\Dokumente\\GitHub\\fa-absa\\Extensions\\ABSA Documentation\\FPythonCode\\FSwiftUtils.py"
  ],
  "errors": {}
 },
 "idioms": {
  "count": 0,
  "files": [],
  "errors": {}
 },
 "import": {
  "count": 0,
  "files": [],
  "errors": {}
 },
 "imports": {
  "count": 0,
  "files": [],
  "errors": {}
 },
 "imports2": {
  "count": 0,
  "files": [],
  "errors": {}
 },
 "input": {
  "count": 0,
  "files": [],
  "errors": {}
 },
 "intern": {
  "count": 0,
  "files": [],
  "errors": {}
 },
 "isinstance": {
  "count": 0,
  "files": [],
  "errors": {}
 },
 "itertools": {
  "count": 0,
  "files": [],
  "errors": {}
 },
 "itertools_imports": {
  "count": 0,
  "files": [],
  "errors": {}
 },
 "long": {
  "count": 0,
  "files": [],
  "errors": {}
 },
 "map": {
  "count": 0,
  "files": [],
  "errors": {}
 },
 "metaclass": {
  "count": 0,
  "files": [],
  "errors": {}
 },
 "methodattrs": {
  "count": 0,
  "files": [],
  "errors": {}
 },
 "ne": {
  "count": 1,
  "files": [
   "C:\\Users\\nench\\OneDrive\\Dokumente\\GitHub\\fa-absa\\Extensions\\ABSA Documentation\\FPythonCode\\FSettlementSecurityProcessEngine.py"
  ],
  "errors": {}
 },
 "next": {
  "count": 0,
  "files": [],
  "errors": {}
 },
 "nonzero": {
  "count": 0,
  "files": [],
  "errors": {}
 },
 "numliterals": {
  "count": 0,
  "files": [],
  "errors": {}
 },
 "operator": {
  "count": 0,
  "files": [],
  "errors": {}
 },
 "paren": {
  "count": 0,
  "files": [],
  "errors": {}
 },
 "print": {
  "count": 5,
  "files": [
   "C:\\Users\\nench\\OneDrive\\Dokumente\\GitHub\\fa-absa\\Extensions\\ABSA Documentation\\FPythonCode\\CommitmentFeeCreatorScript.py",
   "C:\\Users\\nench\\OneDrive\\Dokumente\\GitHub\\fa-absa\\Extensions\\ABSA Documentation\\FPythonCode\\LoanOpsCommitmentFeeCreator.py",
   "C:\\Users\\nench\\OneDrive\\Dokumente\\GitHub\\fa-absa\\Extensions\\ABSA Documentation\\FPythonCode\\LoanOpsTradeUpdate.py",
   "C:\\Users\\nench\\OneDrive\\Dokumente\\GitHub\\fa-absa\\Extensions\\ABSA Documentation\\FPythonCode\\ResetAdviceAdhocTask.py",
   "C:\\Users\\nench\\OneDrive\\Dokumente\\GitHub\\fa-absa\\Extensions\\ABSA Documentation\\FPythonCode\\SecurityLoanGeneral.py"
  ],
  "errors": {}
 },
 "raise": {
  "count": 2,
  "files": [
   "C:\\Users\\nench\\OneDrive\\Dokumente\\GitHub\\fa-absa\\Extensions\\ABSA Documentation\\FPythonCode\\FOperationsDocumentXML.py",
   "C:\\Users\\nench\\OneDrive\\Dokumente\\GitHub\\fa-absa\\Extensions\\ABSA Documentation\\FPythonCode\\FOperationsDocumentXMLMD5Generator.py"
  ],
  "errors": {}
 },
 "raw_input": {
  "count": 0,
  "files": [],
  "errors": {}
 },
 "reduce": {
  "count": 0,
  "files": [],
  "errors": {}
 },
 "reload": {
  "count": 0,
  "files": [],
  "errors": {}
 },
 "renames": {
  "count": 0,
  "files": [],
  "errors": {}
 },
 "repr": {
  "count": 0,
  "files": [],
  "errors": {}
 },
 "set_literal": {
  "count": 0,
  "files": [],
  "errors": {}
 },
 "standarderror": {
  "count": 0,
  "files": [],
  "errors": {}
 },
 "sys_exc": {
  "count": 0,
  "files": [],
  "errors": {}
 },
 "throw": {
  "count": 0,
  "files": [],
  "errors": {}
 },
 "tuple_params": {
  "count": 0,
  "files": [],
  "errors": {}
 },
 "types": {
  "count": 4,
  "files": [
   "C:\\Users\\nench\\OneDrive\\Dokumente\\GitHub\\fa-absa\\Extensions\\ABSA Documentation\\FPythonCode\\ASUSNewTradeConfirmationXMLGenerator.py",
   "C:\\Users\\nench\\OneDrive\\Dokumente\\GitHub\\fa-absa\\Extensions\\ABSA Documentation\\FPythonCode\\BrokerNoteBulkXLSXGenerator.py",
   "C:\\Users\\nench\\OneDrive\\Dokumente\\GitHub\\fa-absa\\Extensions\\ABSA Documentation\\FPythonCode\\FConfirmationCancellationXMLHook.py",
   "C:\\Users\\nench\\OneDrive\\Dokumente\\GitHub\\fa-absa\\Extensions\\ABSA Documentation\\FPythonCode\\PreSettlementAdviceXLSXGenerator.py"
  ],
  "errors": {}
 },
 "unicode": {
  "count": 0,
  "files": [],
  "errors": {}
 },
 "urllib": {
  "count": 0,
  "files": [],
  "errors": {}
 },
 "ws_comma": {
  "count": 3,
  "files": [
   "C:\\Users\\nench\\OneDrive\\Dokumente\\GitHub\\fa-absa\\Extensions\\ABSA Documentation\\FPythonCode\\LoanOpsCommitmentFeeInvoiceUI.py",
   "C:\\Users\\nench\\OneDrive\\Dokumente\\GitHub\\fa-absa\\Extensions\\ABSA Documentation\\FPythonCode\\LoanOpsCommitmentFeeXMLHooks.py",
   "C:\\Users\\nench\\OneDrive\\Dokumente\\GitHub\\fa-absa\\Extensions\\ABSA Documentation\\FPythonCode\\LoanOpsTradeUpdate.py"
  ],
  "errors": {}
 },
 "xrange": {
  "count": 1,
  "files": [
   "C:\\Users\\nench\\OneDrive\\Dokumente\\GitHub\\fa-absa\\Extensions\\ABSA Documentation\\FPythonCode\\PreSettlementAdviceBusinessProcessCreator.py"
  ],
  "errors": {}
 },
 "xreadlines": {
  "count": 0,
  "files": [],
  "errors": {}
 },
 "zip": {
  "count": 0,
  "files": [],
  "errors": {}
 }
}